hostname,timestamp,estado,datos,error,entorno_openssl_version,entorno_fallback_tls12,datos_conexion_tiempo_conexion_segundos,datos_conexion_latencia_dns_ms,datos_protocolo_version,datos_protocolo_suite_cifrado,datos_protocolo_bits_clave,datos_protocolo_perfect_forward_secrecy,datos_protocolo_suite_debil,datos_certificado_sujeto,datos_certificado_emisor,datos_certificado_numero_serie,datos_certificado_algoritmo_firma,datos_certificado_valido_desde,datos_certificado_valido_hasta,datos_certificado_dias_valido,datos_certificado_estado_validez,datos_certificado_subject_alternative_names,datos_certificado_clave_publica_algoritmo,datos_certificado_clave_publica_tamaño_bits,datos_certificado_clave_publica_clave_debil,datos_certificado_clave_publica_curva,datos_certificado_hash_sha256,datos_certificado_hash_sha1,datos_certificado_cadena_certificados,datos_certificado_es_autofirmado,datos_seguridad_avanzada_hsts_presente,datos_seguridad_avanzada_hsts_max_age,datos_seguridad_avanzada_ocsp_stapling,datos_seguridad_avanzada_versiones_tls_soportadas_TLS1.0,datos_seguridad_avanzada_versiones_tls_soportadas_TLS1.1,datos_seguridad_avanzada_versiones_tls_soportadas_TLS1.2,datos_seguridad_avanzada_versiones_tls_soportadas_TLS1.3
cloudfront.net,2026-02-04T10:18:34.520987+00:00,error,,No se pudo resolver DNS para cloudfront.net,OpenSSL 3.0.13 30 Jan 2024,False,,,,,,,,,,,,,,,,,,,,,,,,,,,,,,,
akam.net,2026-02-04T10:18:34.374346+00:00,error,,No se pudo resolver DNS para akam.net,OpenSSL 3.0.13 30 Jan 2024,False,,,,,,,,,,,,,,,,,,,,,,,,,,,,,,,
office.net,2026-02-04T10:18:34.366670+00:00,error,,No se pudo resolver DNS para office.net,OpenSSL 3.0.13 30 Jan 2024,False,,,,,,,,,,,,,,,,,,,,,,,,,,,,,,,
microsoftonline.com,2026-02-04T10:18:34.316809+00:00,error,,No se pudo resolver DNS para microsoftonline.com,OpenSSL 3.0.13 30 Jan 2024,False,,,,,,,,,,,,,,,,,,,,,,,,,,,,,,,
e2ro.com,2026-02-04T10:18:34.336104+00:00,error,,No se pudo resolver DNS para e2ro.com,OpenSSL 3.0.13 30 Jan 2024,False,,,,,,,,,,,,,,,,,,,,,,,,,,,,,,,
apple-dns.net,2026-02-04T10:18:34.356842+00:00,error,,No se pudo resolver DNS para apple-dns.net,OpenSSL 3.0.13 30 Jan 2024,False,,,,,,,,,,,,,,,,,,,,,,,,,,,,,,,
trafficmanager.net,2026-02-04T10:18:34.391588+00:00,error,,No se pudo resolver DNS para trafficmanager.net,OpenSSL 3.0.13 30 Jan 2024,False,,,,,,,,,,,,,,,,,,,,,,,,,,,,,,,
akadns.net,2026-02-04T10:18:34.303694+00:00,error,,No se pudo resolver DNS para akadns.net,OpenSSL 3.0.13 30 Jan 2024,False,,,,,,,,,,,,,,,,,,,,,,,,,,,,,,,
windowsupdate.com,2026-02-04T10:18:34.321772+00:00,error,,No se pudo resolver DNS para windowsupdate.com,OpenSSL 3.0.13 30 Jan 2024,False,,,,,,,,,,,,,,,,,,,,,,,,,,,,,,,
aaplimg.com,2026-02-04T10:18:34.362039+00:00,error,,No se pudo resolver DNS para aaplimg.com,OpenSSL 3.0.13 30 Jan 2024,False,,,,,,,,,,,,,,,,,,,,,,,,,,,,,,,
akamai.net,2026-02-04T10:18:34.296256+00:00,error,,No se pudo resolver DNS para akamai.net,OpenSSL 3.0.13 30 Jan 2024,False,,,,,,,,,,,,,,,,,,,,,,,,,,,,,,,
gtld-servers.net,2026-02-04T10:18:34.270484+00:00,error,,No se pudo resolver DNS para gtld-servers.net,OpenSSL 3.0.13 30 Jan 2024,False,,,,,,,,,,,,,,,,,,,,,,,,,,,,,,,
akamaiedge.net,2026-02-04T10:18:34.307999+00:00,error,,No se pudo resolver DNS para akamaiedge.net,OpenSSL 3.0.13 30 Jan 2024,False,,,,,,,,,,,,,,,,,,,,,,,,,,,,,,,
amazonaws.com,2026-02-04T10:18:34.284978+00:00,error,,Conexión rechazada por 72.21.210.29:443,OpenSSL 3.0.13 30 Jan 2024,False,,,,,,,,,,,,,,,,,,,,,,,,,,,,,,,
pv-cdn.net,2026-02-04T10:18:40.185299+00:00,error,,No se pudo resolver DNS para pv-cdn.net,OpenSSL 3.0.13 30 Jan 2024,False,,,,,,,,,,,,,,,,,,,,,,,,,,,,,,,
domaincontrol.com,2026-02-04T10:18:34.331514+00:00,error,,Conexión rechazada por 127.0.0.1:443,OpenSSL 3.0.13 30 Jan 2024,False,,,,,,,,,,,,,,,,,,,,,,,,,,,,,,,
ntp.org,2026-02-04T10:18:34.574462+00:00,error,,Timeout conectando a 209.148.110.246:443 para ntp.org,OpenSSL 3.0.13 30 Jan 2024,False,,,,,,,,,,,,,,,,,,,,,,,,,,,,,,,
tiktokcdn.com,2026-02-04T10:18:42.289947+00:00,error,,No se pudo resolver DNS para tiktokcdn.com,OpenSSL 3.0.13 30 Jan 2024,False,,,,,,,,,,,,,,,,,,,,,,,,,,,,,,,
ripn.net,2026-02-04T10:18:34.402963+00:00,error,,Timeout conectando a 194.226.65.229:443 para ripn.net,OpenSSL 3.0.13 30 Jan 2024,False,,,,,,,,,,,,,,,,,,,,,,,,,,,,,,,
fastly.net,2026-02-04T10:18:34.353576+00:00,error,,Timeout conectando a 151.101.65.6:443 para fastly.net,OpenSSL 3.0.13 30 Jan 2024,False,,,,,,,,,,,,,,,,,,,,,,,,,,,,,,,
ax-msedge.net,2026-02-04T10:18:53.195789+00:00,error,,No se pudo resolver DNS para ax-msedge.net,OpenSSL 3.0.13 30 Jan 2024,False,,,,,,,,,,,,,,,,,,,,,,,,,,,,,,,
pinterest.com,2026-02-04T10:18:34.371841+00:00,exito,,,OpenSSL 3.0.13 30 Jan 2024,False,1.829,7.09,TLSv1.3,TLS_AES_128_GCM_SHA256,128.0,False,False,"CN=*.pinterest.com,O=Pinterest\, Inc.,L=San Francisco,ST=California,C=US","CN=DigiCert Global G2 TLS RSA SHA256 2020 CA1,O=DigiCert Inc,C=US",10679436629496405040903045475068263119,sha256WithRSAEncryption,2025-07-28T00:00:00+00:00,2026-08-23T23:59:59+00:00,200.0,valido,"['*.pinterest.com', '*.pinimg.com', '*.pinterest.info', '*.pinterest.engineering', '*.pinterestmail.com', '*.pinterest.at', '*.pinterest.ch', '*.pinterest.de', '*.pinterest.dk', '*.pinterest.ie', '*.pinterest.jp', '*.pinterest.kr', '*.pinterest.mx', '*.pinterest.pt', '*.pinterest.se', '*.pinterest.co.at', '*.pinterest.co.kr', '*.pinterest.co.uk', '*.pinterest.com.mx', 'pin.it', 'pinterest.com', 'pinimg.com', 'pinterest.info', 'pinterest.engineering', 'pinterestmail.com', 'pinterest.at', 'pinterest.ch', 'pinterest.de', 'pinterest.dk', 'pinterest.ie', 'pinterest.jp', 'pinterest.kr', 'pinterest.mx', 'pinterest.pt', 'pinterest.se', 'pinterest.co.at', 'pinterest.co.kr', 'pinterest.co.uk', 'pinterest.com.mx', '*.pinterest.ca', '*.pinterest.fr', 'pinterest.ca', 'pinterest.fr', 'pinterest.com.au', '*.pinterest.com.au', 'pinterest.nz', '*.pinterest.nz', 'pinterest.es', '*.pinterest.es', 'pinterest.cl', '*.pinterest.cl', 'pinterest.ph', '*.pinterest.ph', 'pinterest.in', '*.pinterest.in', 'pinterest.co.in', '*.pinterest.co.in', 'pinterest.be', '*.pinterest.be', 'pinterest.pe', '*.pinterest.pe', 'pinterest.co', '*.pinterest.co', 'pinterest.com.py', '*.pinterest.com.py', 'pinterest.com.bo', '*.pinterest.com.bo', 'pinterest.com.ec', '*.pinterest.com.ec', 'pinterest.ec', '*.pinterest.ec', 'pinterest.hu', '*.pinterest.hu', 'pinterest.com.vn', '*.pinterest.com.vn', 'pinterest.it', '*.pinterest.it', 'pinterest.com.pe', '*.pinterest.com.pe', 'pinterest.com.uy', '*.pinterest.com.uy', 'pinterest.co.nz', '*.pinterest.co.nz', 'pinterest.uk', '*.pinterest.uk', 'pinterest.vn', '*.pinterest.vn', 'pinterest.id', '*.pinterest.id', 'pinterest.th', '*.pinterest.th', 'pinterest.tw', '*.pinterest.tw', 'pinterest.nl', '*.pinterest.nl', '*.testing.pinterest.com']",RSA,2048.0,False,,2e69232e93681fe002950f2de73cf46c422805c10eabebbd81e7bcb39ac47278,2fc33911e3e47ee144ef3f78ce3342fafa066f5e,"[{'sujeto': 'CN=*.pinterest.com,O=Pinterest\\, Inc.,L=San Francisco,ST=California,C=US', 'emisor': 'CN=DigiCert Global G2 TLS RSA SHA256 2020 CA1,O=DigiCert Inc,C=US', 'posicion': 0}]",False,True,31536000.0,False,False,False,True,True
appsflyersdk.com,2026-02-04T10:18:34.363617+00:00,exito,,,OpenSSL 3.0.13 30 Jan 2024,False,1.507,51.0,TLSv1.3,TLS_AES_128_GCM_SHA256,128.0,False,False,CN=appsflyersdk.com,"CN=Amazon RSA 2048 M02,O=Amazon,C=US",11916428641058398007267262210931329875,sha256WithRSAEncryption,2025-09-08T00:00:00+00:00,2026-10-07T23:59:59+00:00,245.0,valido,['appsflyersdk.com'],RSA,2048.0,False,,2e521f14b31a55d5045488adebcb4f5050f566af3dc38ddf3a64c458c04686fc,1acf31d3809d72cf857fb504bd69212149c97955,"[{'sujeto': 'CN=appsflyersdk.com', 'emisor': 'CN=Amazon RSA 2048 M02,O=Amazon,C=US', 'posicion': 0}]",False,False,,False,False,False,True,True
gvt2.com,2026-02-04T10:18:57.079161+00:00,error,,No se pudo resolver DNS para gvt2.com,OpenSSL 3.0.13 30 Jan 2024,False,,,,,,,,,,,,,,,,,,,,,,,,,,,,,,,
ytimg.com,2026-02-04T10:18:57.178646+00:00,error,,No se pudo resolver DNS para ytimg.com,OpenSSL 3.0.13 30 Jan 2024,False,,,,,,,,,,,,,,,,,,,,,,,,,,,,,,,
dzen.ru,2026-02-04T10:18:34.289835+00:00,exito,,,OpenSSL 3.0.13 30 Jan 2024,False,0.407,271.84,TLSv1.2,ECDHE-RSA-AES128-GCM-SHA256,128.0,True,False,"CN=*.dzen.ru,O=VK LLC,L=Moscow,ST=Moscow,C=RU","CN=GlobalSign RSA OV SSL CA 2018,O=GlobalSign nv-sa,C=BE",13678135966493031943577596320,sha256WithRSAEncryption,2025-06-03T09:16:26+00:00,2026-07-05T09:16:25+00:00,150.0,valido,"['*.dzen.ru', 'dzen.ru']",RSA,2048.0,False,,365ee1b20c5d4f0b6f89257f37823147a32a23e0b688ef8a4ee80fff46f71bed,6802280641bdec395d4a6787276dad2530054c31,"[{'sujeto': 'CN=*.dzen.ru,O=VK LLC,L=Moscow,ST=Moscow,C=RU', 'emisor': 'CN=GlobalSign RSA OV SSL CA 2018,O=GlobalSign nv-sa,C=BE', 'posicion': 0}]",False,False,,False,False,False,False,False
bing.com,2026-02-04T10:18:34.337651+00:00,exito,,,OpenSSL 3.0.13 30 Jan 2024,False,1.131,326.93,TLSv1.3,TLS_AES_256_GCM_SHA384,256.0,False,False,"CN=www.bing.com,O=Microsoft Corporation,L=Redmond,ST=WA,C=US","CN=Microsoft TLS G2 RSA CA OCSP 04,O=Microsoft Corporation,C=US",1494151169262348969023802101054464982343984536,sha384WithRSAEncryption,2026-02-02T19:13:44+00:00,2026-08-01T19:13:44+00:00,178.0,valido,"['*.platform.bing.com', '*.bing.com', 'bing.com', 'ieonline.microsoft.com', '*.windowssearch.com', 'cn.ieonline.microsoft.com', '*.origin.bing.com', '*.mm.bing.net', '*.api.bing.com', '*.cn.bing.net', '*.cn.bing.com', 'ssl-api.bing.com', 'ssl-api.bing.net', '*.api.bing.net', '*.bingapis.com', 'bingsandbox.com', 'feedback.microsoft.com', 'insertmedia.bing.office.net', 'r.bat.bing.com', '*.r.bat.bing.com', '*.dict.bing.com', '*.ssl.bing.com', '*.appex.bing.com', '*.platform.cn.bing.com', 'wp.m.bing.com', '*.m.bing.com', 'global.bing.com', 'windowssearch.com', 'search.msn.com', '*.bingsandbox.com', '*.api.tiles.ditu.live.com', '*.t0.tiles.ditu.live.com', '*.t1.tiles.ditu.live.com', '*.t2.tiles.ditu.live.com', '*.t3.tiles.ditu.live.com', '3d.live.com', 'api.search.live.com', 'beta.search.live.com', 'cnweb.search.live.com', 'ditu.live.com', 'farecast.live.com', 'image.live.com', 'images.live.com', 'local.live.com.au', 'localsearch.live.com', 'ls4d.search.live.com', 'mail.live.com', 'mapindia.live.com', 'local.live.com', 'maps.live.com', 'maps.live.com.au', 'mindia.live.com', 'news.live.com', 'origin.cnweb.search.live.com', 'preview.local.live.com', 'search.live.com', 'test.maps.live.com', 'video.live.com', 'videos.live.com', 'virtualearth.live.com', 'wap.live.com', 'webmaster.live.com', 'www.local.live.com.au', 'www.maps.live.com.au', 'webmasters.live.com', 'ecn.dev.virtualearth.net', 'www.bing.com']",RSA,2048.0,False,,576e9b9518bda1e243d9937d96cab7f0371412cfba36e976d30b6a7ceec16b0f,08636f879638b7d5cfda6b800a7298fb6301e777,"[{'sujeto': 'CN=www.bing.com,O=Microsoft Corporation,L=Redmond,ST=WA,C=US', 'emisor': 'CN=Microsoft TLS G2 RSA CA OCSP 04,O=Microsoft Corporation,C=US', 'posicion': 0}]",False,True,31536000.0,False,False,False,False,True
googlevideo.com,2026-02-04T10:18:34.300913+00:00,exito,,,OpenSSL 3.0.13 30 Jan 2024,False,0.419,378.75,TLSv1.3,TLS_AES_256_GCM_SHA384,256.0,False,False,CN=www.google.com,"CN=WR2,O=Google Trust Services,C=US",308331338253306557511516771945888432547,sha256WithRSAEncryption,2026-01-12T08:38:40+00:00,2026-04-06T08:38:39+00:00,60.0,valido,['www.google.com'],RSA,2048.0,False,,60186ddc8f3b8fedc174aa33be12336fd2d338fda851257e00acd4a2ab886438,b21523281a2428b3dd75e9869975d42cce16b650,"[{'sujeto': 'CN=www.google.com', 'emisor': 'CN=WR2,O=Google Trust Services,C=US', 'posicion': 0}]",False,False,,False,False,False,False,True
icloud.com,2026-02-04T10:18:34.373292+00:00,exito,,,OpenSSL 3.0.13 30 Jan 2024,False,0.447,8.08,TLSv1.3,TLS_AES_256_GCM_SHA384,256.0,False,False,"CN=icloud.com,O=Apple Inc.,ST=California,C=US","C=US,ST=California,O=Apple Inc.,CN=Apple Public Server ECC CA 11 - G1",122737905075471696052885964217996133047,ecdsa-with-SHA256,2026-02-02T00:33:43+00:00,2026-04-29T19:45:32+00:00,84.0,valido,['icloud.com'],ECDSA,256.0,False,secp256r1,b105a5963b65ebe88f66c54fe3d7432e1a8b496a6d1fc6e0531cb286589e168f,4ef729e53a51b46f841afde40b96bc1f63f6470e,"[{'sujeto': 'CN=icloud.com,O=Apple Inc.,ST=California,C=US', 'emisor': 'C=US,ST=California,O=Apple Inc.,CN=Apple Public Server ECC CA 11 - G1', 'posicion': 0}]",False,True,31536000.0,False,False,False,True,True
netflix.com,2026-02-04T10:18:34.340645+00:00,exito,,,OpenSSL 3.0.13 30 Jan 2024,False,0.456,300.78,TLSv1.3,TLS_AES_256_GCM_SHA384,256.0,False,False,"CN=www.netflix.com,O=Netflix,L=Los Gatos,ST=California,C=US","CN=DigiCert Secure Site ECC CA-1,OU=www.digicert.com,O=DigiCert Inc,C=US",3593477489615804531468973443240446417,ecdsa-with-SHA256,2025-09-02T00:00:00+00:00,2026-09-04T09:49:22+00:00,211.0,valido,"['account.netflix.com', 'ca.netflix.com', 'netflix.ca', 'netflix.com', 'signup.netflix.com', 'www.netflix.ca', 'www1.netflix.com', 'www2.netflix.com', 'www3.netflix.com', 'develop-stage.netflix.com', 'release-stage.netflix.com', 'www.netflix.com', 'tv.netflix.com', 'embed.develop-stage.netflix.com', 'embed.release-stage.netflix.com']",ECDSA,256.0,False,secp256r1,e9f022bc13dde0dd717ea344d73325e03436903d7fcc09587070c172084d95ac,ffac1584f2c701702d474116161b831e8b23eeeb,"[{'sujeto': 'CN=www.netflix.com,O=Netflix,L=Los Gatos,ST=California,C=US', 'emisor': 'CN=DigiCert Secure Site ECC CA-1,OU=www.digicert.com,O=DigiCert Inc,C=US', 'posicion': 0}]",False,True,31536000.0,False,False,False,True,True
wordpress.org,2026-02-04T10:18:34.358416+00:00,exito,,,OpenSSL 3.0.13 30 Jan 2024,False,1.161,12.68,TLSv1.3,TLS_AES_256_GCM_SHA384,256.0,False,False,CN=wordpress.org,"CN=E8,O=Let's Encrypt,C=US",495958140773507452750115588574582787151901,ecdsa-with-SHA384,2026-01-26T19:43:57+00:00,2026-04-26T19:43:56+00:00,81.0,valido,"['*.wordpress.org', 'wordpress.org']",ECDSA,256.0,False,secp256r1,dece634f1416359ad8aadda5b77b2d57ed1c36d957296e9bb766b91394e241e5,eaed48d79eeac14bece748adbba32601e119d177,"[{'sujeto': 'CN=wordpress.org', 'emisor': ""CN=E8,O=Let's Encrypt,C=US"", 'posicion': 0}]",False,True,3600.0,False,False,False,True,True
fbcdn.net,2026-02-04T10:18:34.302605+00:00,exito,,,OpenSSL 3.0.13 30 Jan 2024,False,0.755,357.58,TLSv1.3,TLS_CHACHA20_POLY1305_SHA256,256.0,False,False,"CN=fbcdn.net,O=Meta Platforms\, Inc.,L=Menlo Park,ST=California,C=US","CN=DigiCert Global G2 TLS RSA SHA256 2020 CA1,O=DigiCert Inc,C=US",20971896531662633861981282505859362577,sha256WithRSAEncryption,2025-11-13T00:00:00+00:00,2026-02-11T23:59:59+00:00,7.0,valido,"['fbcdn.net', 'fbsbx.com', 'www.fbcdn.net']",RSA,2048.0,False,,cf55544d1d650585df316fc9984a897282457ebd5c54eb0fe02deb835aa0102a,815a12c3af761b2b7a213ea085e26ba75227fe41,"[{'sujeto': 'CN=fbcdn.net,O=Meta Platforms\\, Inc.,L=Menlo Park,ST=California,C=US', 'emisor': 'CN=DigiCert Global G2 TLS RSA SHA256 2020 CA1,O=DigiCert Inc,C=US', 'posicion': 0}]",False,True,31536000.0,False,False,False,False,True
t-msedge.net,2026-02-04T10:19:01.714659+00:00,error,,No se pudo resolver DNS para t-msedge.net,OpenSSL 3.0.13 30 Jan 2024,False,,,,,,,,,,,,,,,,,,,,,,,,,,,,,,,
whatsapp.com,2026-02-04T10:18:34.399606+00:00,exito,,,OpenSSL 3.0.13 30 Jan 2024,False,3.457,9.77,TLSv1.3,TLS_CHACHA20_POLY1305_SHA256,256.0,False,False,"CN=*.whatsapp.net,O=Meta Platforms\, Inc.,L=Menlo Park,ST=California,C=US","CN=DigiCert Global G2 TLS RSA SHA256 2020 CA1,O=DigiCert Inc,C=US",15468818656289408500419228707611906612,sha256WithRSAEncryption,2025-11-13T00:00:00+00:00,2026-02-11T23:59:59+00:00,7.0,valido,"['*.whatsapp.net', '*.cdn.whatsapp.net', '*.snr.whatsapp.net', '*.whatsapp.com', 'wa.me', 'whatsapp.com', 'whatsapp.net']",ECDSA,256.0,False,secp256r1,c9b629c179792b893cdd166aa96f1f81b11f4cd1d519498335fd2d9b17bfbbc7,bcc49689f07a57a27973c0b15492bb4e39821a9a,"[{'sujeto': 'CN=*.whatsapp.net,O=Meta Platforms\\, Inc.,L=Menlo Park,ST=California,C=US', 'emisor': 'CN=DigiCert Global G2 TLS RSA SHA256 2020 CA1,O=DigiCert Inc,C=US', 'posicion': 0}]",False,True,31536000.0,False,False,False,True,True
yahoo.com,2026-02-04T10:18:34.376157+00:00,exito,,,OpenSSL 3.0.13 30 Jan 2024,False,1.359,7.32,TLSv1.3,TLS_AES_128_GCM_SHA256,128.0,False,False,"CN=yahoo.com,O=Yahoo Holdings Inc.,L=New York,ST=New York,C=US","CN=DigiCert SHA2 High Assurance Server CA,OU=www.digicert.com,O=DigiCert Inc,C=US",7321955336616933711971844842690263730,sha256WithRSAEncryption,2025-10-07T00:00:00+00:00,2026-04-01T23:59:59+00:00,56.0,valido,"['yahoo.com', 'tw.rd.yahoo.com', 's.yimg.com', 'mbp.yimg.com', 'hk.rd.yahoo.com', 'fr-ca.rogers.yahoo.com', 'ddl.fp.yahoo.com', 'ca.rogers.yahoo.com', 'ca.my.yahoo.com', 'brb.yahoo.net', 'add.my.yahoo.com', '*.yahoo.com', '*.www.yahoo.com', '*.media.yahoo.com', '*.att.yahoo.com', '*.amp.yimg.com']",ECDSA,256.0,False,secp256r1,7f5e036fb7f855742ab5444bd49657d9c9cfe989dab45aea3927126c0143996c,353d86cb323827adaa66c56e6a5e3f76e013a9d9,"[{'sujeto': 'CN=yahoo.com,O=Yahoo Holdings Inc.,L=New York,ST=New York,C=US', 'emisor': 'CN=DigiCert SHA2 High Assurance Server CA,OU=www.digicert.com,O=DigiCert Inc,C=US', 'posicion': 0}]",False,True,31536000.0,False,False,False,True,True
cloudflare.com,2026-02-04T10:18:34.273488+00:00,exito,,,OpenSSL 3.0.13 30 Jan 2024,False,1.098,95.01,TLSv1.3,TLS_AES_256_GCM_SHA384,256.0,False,False,CN=cloudflare.com,"CN=WE1,O=Google Trust Services,C=US",271000364038152563139234154512533583034,ecdsa-with-SHA256,2026-01-12T20:43:33+00:00,2026-04-12T21:43:23+00:00,67.0,valido,"['cloudflare.com', 'ns.cloudflare.com', '*.ns.cloudflare.com', '*.secondary.cloudflare.com', 'secondary.cloudflare.com']",ECDSA,256.0,False,secp256r1,5714cfdc03e79ecf973046a721ca32cd80d68e5e844a026a74902761025d38bc,f57f20e50c57e045e4c2c591dfa075292e77717e,"[{'sujeto': 'CN=cloudflare.com', 'emisor': 'CN=WE1,O=Google Trust Services,C=US', 'posicion': 0}]",False,True,15780000.0,False,False,False,False,True
googleusercontent.com,2026-02-04T10:18:34.328223+00:00,exito,,,OpenSSL 3.0.13 30 Jan 2024,False,0.113,350.07,TLSv1.3,TLS_AES_256_GCM_SHA384,256.0,False,False,CN=*.googleusercontent.com,"CN=WR2,O=Google Trust Services,C=US",265075045096485159302717469341755929363,sha256WithRSAEncryption,2026-01-12T08:37:51+00:00,2026-04-06T08:37:50+00:00,60.0,valido,"['*.googleusercontent.com', 'commondatastorage.googleapis.com', '*.commondatastorage.googleapis.com', 'storage.googleapis.com', '*.storage.googleapis.com', 'storage-p2.googleapis.com', '*.storage-p2.googleapis.com', 'storage.mtls.googleapis.com', '*.appspot.com.storage.googleapis.com', '*.content-storage.googleapis.com', '*.content-storage-p2.googleapis.com', '*.content-storage-upload.googleapis.com', '*.content-storage-download.googleapis.com', '*.storage-upload.googleapis.com', '*.storage-download.googleapis.com', 'blogspot.com', '*.blogspot.com', 'bp.blogspot.com', '*.bp.blogspot.com', 'doubleclickusercontent.com', '*.doubleclickusercontent.com', 'ggpht.com', '*.ggpht.com', 'googledrive.com', '*.googledrive.com', '*.googlesyndication.com', '*.safeframe.googlesyndication.com', 'googleusercontent.com', '*.byoid.googleusercontent.com', 'usercontent.goog', '*.usercontent.goog', '*.ucp.usercontent.goog', '*.h5games.usercontent.goog', '*.playables.usercontent.goog', '*.allownetworkplayables.usercontent.goog', '*.safeframe.usercontent.goog', '*.sandbox.usercontent.goog', '*.scf.usercontent.goog', '*.isolated.usercontent.goog', '*.static.usercontent.goog', '*.ads-static.usercontent.goog', '*.executionbox.usercontent.goog', '*.aiplayables.usercontent.goog', 'manifest.c.mail.googleusercontent.com', 'manifest.lh3-da.googleusercontent.com', 'manifest.lh3-db.googleusercontent.com', 'manifest.lh3-dc.googleusercontent.com', 'manifest.lh3-dd.googleusercontent.com', 'manifest.lh3-de.googleusercontent.com', 'manifest.lh3-df.googleusercontent.com', 'manifest.lh3-dg.googleusercontent.com', 'manifest.lh3-dz.googleusercontent.com', 'manifest.lh3.googleusercontent.com', 'manifest.lh3.photos.google.com', 'googleweblight.com', '*.googleweblight.com', 'translate.goog', '*.translate.goog', '*.search.translate.goog', '*.dev.amp4mail.googleusercontent.com', '*.prod.amp4mail.googleusercontent.com', '*.playground.amp4mail.googleusercontent.com', '*.playground-internal.amp4mail.googleusercontent.com', '*.aiplatform-notebook.googleusercontent.com', '*.aiplatform-training.googleusercontent.com', '*.aiplatform-training.byoid.googleusercontent.com', '*.audiobook-additional-material-staging.googleusercontent.com', '*.audiobook-additional-material.googleusercontent.com', '*.apps.googleusercontent.com', '*.safenup.googleusercontent.com', '*.sandbox.googleusercontent.com', '*.backupdr.googleusercontent.com', '*.backupdr.byoid.googleusercontent.com', '*.backupdr-staging.googleusercontent.com', '*.backupdr-staging.byoid.googleusercontent.com', '*.backupdr-autopush.googleusercontent.com', '*.backupdr-autopush.byoid.googleusercontent.com', '*.backupdr-dev.googleusercontent.com', '*.backupdr-dev.byoid.googleusercontent.com', '*.backupdr-sandbox.googleusercontent.com', '*.backupdr-sandbox.byoid.googleusercontent.com', '*.composer.googleusercontent.com', '*.composer.byoid.googleusercontent.com', '*.composer-staging.googleusercontent.com', '*.composer-staging.byoid.googleusercontent.com', '*.composer-qa.googleusercontent.com', '*.composer-qa.byoid.googleusercontent.com', '*.composer-dev.googleusercontent.com', '*.composer-dev.byoid.googleusercontent.com', '*.dataplex.googleusercontent.com', '*.dataplex-staging.googleusercontent.com', '*.dataplex-dev.googleusercontent.com', '*.dataproc.googleusercontent.com', '*.dataproc.byoid.googleusercontent.com', '*.dataproc-image-staging.googleusercontent.com', '*.dataproc-image-staging.byoid.googleusercontent.com', '*.dataproc-staging.googleusercontent.com', '*.dataproc-staging.byoid.googleusercontent.com', '*.dataproc-test.googleusercontent.com', '*.dataproc-test.byoid.googleusercontent.com', '*.datafusion.googleusercontent.com', '*.datafusion.byoid.googleusercontent.com', '*.datafusion-staging.googleusercontent.com', '*.datafusion-staging.byoid.googleusercontent.com', '*.datafusion-dev.googleusercontent.com', '*.datafusion-dev.byoid.googleusercontent.com', '*.datafusion-api.googleusercontent.com', '*.datafusion-api.byoid.googleusercontent.com', '*.datafusion-api-staging.googleusercontent.com', '*.datafusion-api-staging.byoid.googleusercontent.com', '*.datafusion-api-dev.googleusercontent.com', '*.datafusion-api-dev.byoid.googleusercontent.com', '*.gsc.googleusercontent.com', '*.gcc.googleusercontent.com', '*.tuf.googleusercontent.com', '*.tuf-autopush.googleusercontent.com', '*.tuf-dev.googleusercontent.com', '*.tuf-staging.googleusercontent.com', '*.fuchsia-updates.googleusercontent.com', '*.fuchsia-updates-autopush.googleusercontent.com', '*.fuchsia-updates-autopush-qual.googleusercontent.com', '*.fuchsia-updates-dev.googleusercontent.com', '*.fuchsia-updates-staging.googleusercontent.com', '*.machinelearningtools.googleusercontent.com', '*.machinelearningtools-staging.googleusercontent.com', '*.machinelearningtools-autopush.googleusercontent.com', '*.machinelearningtools-dev.googleusercontent.com', '*.mos-updates.googleusercontent.com', '*.mos-updates-autopush.googleusercontent.com', '*.mos-updates-autopush-qual.googleusercontent.com', '*.mos-updates-dev.googleusercontent.com', '*.mos-updates-staging.googleusercontent.com', '*.notebooks.googleusercontent.com', '*.notebooks.byoid.googleusercontent.com', '*.pipelines.googleusercontent.com', '*.tensorboard.googleusercontent.com', '*.tensorboard-autopush.googleusercontent.com', '*.tensorboard-dev.googleusercontent.com', '*.tensorboard-staging.googleusercontent.com', '*.tensorboard-test.googleusercontent.com', '*.kernels.googleusercontent.com', '*.kernels-staging.googleusercontent.com', '*.kernels-test.googleusercontent.com', '*.cloudshell.googleusercontent.com', '*.cloudworkstations.googleusercontent.com']",ECDSA,256.0,False,secp256r1,4d6bc87a03215223478f18523f72650a1300bda48f35a48a2b9e2bef13c966b5,189d1cf1beac20f1123121424b3560ed92e4204c,"[{'sujeto': 'CN=*.googleusercontent.com', 'emisor': 'CN=WR2,O=Google Trust Services,C=US', 'posicion': 0}]",False,False,,False,False,False,True,True
mail.ru,2026-02-04T10:18:34.275835+00:00,error,,Timeout conectando a 185.180.201.1:443 para mail.ru,OpenSSL 3.0.13 30 Jan 2024,False,,,,,,,,,,,,,,,,,,,,,,,,,,,,,,,
youtu.be,2026-02-04T10:18:34.367407+00:00,exito,,,OpenSSL 3.0.13 30 Jan 2024,False,1.053,4.66,TLSv1.3,TLS_AES_256_GCM_SHA384,256.0,False,False,CN=*.google.com,"CN=WR2,O=Google Trust Services,C=US",265062712008268186195122258179130442579,sha256WithRSAEncryption,2026-01-12T08:36:37+00:00,2026-04-06T08:36:36+00:00,60.0,valido,"['*.google.com', '*.appengine.google.com', '*.bdn.dev', '*.origin-test.bdn.dev', '*.cloud.google.com', '*.crowdsource.google.com', '*.datacompute.google.com', '*.google.ca', '*.google.cl', '*.google.co.in', '*.google.co.jp', '*.google.co.uk', '*.google.com.ar', '*.google.com.au', '*.google.com.br', '*.google.com.co', '*.google.com.mx', '*.google.com.tr', '*.google.com.vn', '*.google.de', '*.google.es', '*.google.fr', '*.google.hu', '*.google.it', '*.google.nl', '*.google.pl', '*.google.pt', '*.googleapis.cn', '*.googlevideo.com', '*.gstatic.cn', '*.gstatic-cn.com', 'googlecnapps.cn', '*.googlecnapps.cn', 'googleapps-cn.com', '*.googleapps-cn.com', 'gkecnapps.cn', '*.gkecnapps.cn', 'googledownloads.cn', '*.googledownloads.cn', 'recaptcha.net.cn', '*.recaptcha.net.cn', 'recaptcha-cn.net', '*.recaptcha-cn.net', 'widevine.cn', '*.widevine.cn', 'ampproject.org.cn', '*.ampproject.org.cn', 'ampproject.net.cn', '*.ampproject.net.cn', 'google-analytics-cn.com', '*.google-analytics-cn.com', 'googleadservices-cn.com', '*.googleadservices-cn.com', 'googlevads-cn.com', '*.googlevads-cn.com', 'googleapis-cn.com', '*.googleapis-cn.com', 'googleoptimize-cn.com', '*.googleoptimize-cn.com', 'doubleclick-cn.net', '*.doubleclick-cn.net', '*.fls.doubleclick-cn.net', '*.g.doubleclick-cn.net', 'doubleclick.cn', '*.doubleclick.cn', '*.fls.doubleclick.cn', '*.g.doubleclick.cn', 'dartsearch-cn.net', '*.dartsearch-cn.net', 'googletraveladservices-cn.com', '*.googletraveladservices-cn.com', 'googletagservices-cn.com', '*.googletagservices-cn.com', 'googletagmanager-cn.com', '*.googletagmanager-cn.com', 'googlesyndication-cn.com', '*.googlesyndication-cn.com', '*.safeframe.googlesyndication-cn.com', 'app-measurement-cn.com', '*.app-measurement-cn.com', 'gvt1-cn.com', '*.gvt1-cn.com', 'gvt2-cn.com', '*.gvt2-cn.com', '2mdn-cn.net', '*.2mdn-cn.net', 'googleflights-cn.net', '*.googleflights-cn.net', 'admob-cn.com', '*.admob-cn.com', '*.gemini.cloud.google.com', 'googlesandbox-cn.com', '*.googlesandbox-cn.com', '*.safenup.googlesandbox-cn.com', '*.gstatic.com', '*.metric.gstatic.com', '*.gvt1.com', '*.gcpcdn.gvt1.com', '*.gvt2.com', '*.gcp.gvt2.com', '*.url.google.com', '*.youtube-nocookie.com', '*.ytimg.com', 'ai.android', 'android.com', '*.android.com', '*.flash.android.com', 'g.cn', '*.g.cn', 'g.co', '*.g.co', 'goo.gl', 'www.goo.gl', 'google-analytics.com', '*.google-analytics.com', 'google.com', 'googlecommerce.com', '*.googlecommerce.com', 'ggpht.cn', '*.ggpht.cn', 'urchin.com', '*.urchin.com', 'youtu.be', 'youtube.com', '*.youtube.com', 'music.youtube.com', '*.music.youtube.com', 'youtubeeducation.com', '*.youtubeeducation.com', 'youtubekids.com', '*.youtubekids.com', 'yt.be', '*.yt.be', 'android.clients.google.com', '*.android.google.cn', '*.chrome.google.cn', '*.developers.google.cn', '*.aistudio.google.com']",ECDSA,256.0,False,secp256r1,55859945f02685db2619fa387c724b684f17296fe07286f70f3e8b22f0367442,3be0e5f929677ccd9f4b2e722f20b92fcb54b7b1,"[{'sujeto': 'CN=*.google.com', 'emisor': 'CN=WR2,O=Google Trust Services,C=US', 'posicion': 0}]",False,True,31536000.0,False,False,False,True,True
instagram.com,2026-02-04T10:18:34.288277+00:00,exito,,,OpenSSL 3.0.13 30 Jan 2024,False,0.098,118.71,TLSv1.3,TLS_CHACHA20_POLY1305_SHA256,256.0,False,False,"CN=*.instagram.com,O=Meta Platforms\, Inc.,L=Menlo Park,ST=California,C=US","CN=DigiCert Global G2 TLS RSA SHA256 2020 CA1,O=DigiCert Inc,C=US",17681779615106813680889832606968846097,sha256WithRSAEncryption,2025-11-13T00:00:00+00:00,2026-02-11T23:59:59+00:00,7.0,valido,"['*.instagram.com', '*.cdninstagram.com', '*.igsonar.com', 'cdninstagram.com', 'igsonar.com', 'instagram.com']",ECDSA,256.0,False,secp256r1,8005a4246f96e5f27186fe90fdb83f3139d212e78107ce9ff355b9f18979c95d,4a76f304bfb2e413c9191f6304769e395a05dad0,"[{'sujeto': 'CN=*.instagram.com,O=Meta Platforms\\, Inc.,L=Menlo Park,ST=California,C=US', 'emisor': 'CN=DigiCert Global G2 TLS RSA SHA256 2020 CA1,O=DigiCert Inc,C=US', 'posicion': 0}]",False,True,31536000.0,False,False,False,True,True
goo.gl,2026-02-04T10:18:34.426099+00:00,exito,,,OpenSSL 3.0.13 30 Jan 2024,False,0.98,49.85,TLSv1.3,TLS_AES_256_GCM_SHA384,256.0,False,False,CN=*.google.com,"CN=WR2,O=Google Trust Services,C=US",265062712008268186195122258179130442579,sha256WithRSAEncryption,2026-01-12T08:36:37+00:00,2026-04-06T08:36:36+00:00,60.0,valido,"['*.google.com', '*.appengine.google.com', '*.bdn.dev', '*.origin-test.bdn.dev', '*.cloud.google.com', '*.crowdsource.google.com', '*.datacompute.google.com', '*.google.ca', '*.google.cl', '*.google.co.in', '*.google.co.jp', '*.google.co.uk', '*.google.com.ar', '*.google.com.au', '*.google.com.br', '*.google.com.co', '*.google.com.mx', '*.google.com.tr', '*.google.com.vn', '*.google.de', '*.google.es', '*.google.fr', '*.google.hu', '*.google.it', '*.google.nl', '*.google.pl', '*.google.pt', '*.googleapis.cn', '*.googlevideo.com', '*.gstatic.cn', '*.gstatic-cn.com', 'googlecnapps.cn', '*.googlecnapps.cn', 'googleapps-cn.com', '*.googleapps-cn.com', 'gkecnapps.cn', '*.gkecnapps.cn', 'googledownloads.cn', '*.googledownloads.cn', 'recaptcha.net.cn', '*.recaptcha.net.cn', 'recaptcha-cn.net', '*.recaptcha-cn.net', 'widevine.cn', '*.widevine.cn', 'ampproject.org.cn', '*.ampproject.org.cn', 'ampproject.net.cn', '*.ampproject.net.cn', 'google-analytics-cn.com', '*.google-analytics-cn.com', 'googleadservices-cn.com', '*.googleadservices-cn.com', 'googlevads-cn.com', '*.googlevads-cn.com', 'googleapis-cn.com', '*.googleapis-cn.com', 'googleoptimize-cn.com', '*.googleoptimize-cn.com', 'doubleclick-cn.net', '*.doubleclick-cn.net', '*.fls.doubleclick-cn.net', '*.g.doubleclick-cn.net', 'doubleclick.cn', '*.doubleclick.cn', '*.fls.doubleclick.cn', '*.g.doubleclick.cn', 'dartsearch-cn.net', '*.dartsearch-cn.net', 'googletraveladservices-cn.com', '*.googletraveladservices-cn.com', 'googletagservices-cn.com', '*.googletagservices-cn.com', 'googletagmanager-cn.com', '*.googletagmanager-cn.com', 'googlesyndication-cn.com', '*.googlesyndication-cn.com', '*.safeframe.googlesyndication-cn.com', 'app-measurement-cn.com', '*.app-measurement-cn.com', 'gvt1-cn.com', '*.gvt1-cn.com', 'gvt2-cn.com', '*.gvt2-cn.com', '2mdn-cn.net', '*.2mdn-cn.net', 'googleflights-cn.net', '*.googleflights-cn.net', 'admob-cn.com', '*.admob-cn.com', '*.gemini.cloud.google.com', 'googlesandbox-cn.com', '*.googlesandbox-cn.com', '*.safenup.googlesandbox-cn.com', '*.gstatic.com', '*.metric.gstatic.com', '*.gvt1.com', '*.gcpcdn.gvt1.com', '*.gvt2.com', '*.gcp.gvt2.com', '*.url.google.com', '*.youtube-nocookie.com', '*.ytimg.com', 'ai.android', 'android.com', '*.android.com', '*.flash.android.com', 'g.cn', '*.g.cn', 'g.co', '*.g.co', 'goo.gl', 'www.goo.gl', 'google-analytics.com', '*.google-analytics.com', 'google.com', 'googlecommerce.com', '*.googlecommerce.com', 'ggpht.cn', '*.ggpht.cn', 'urchin.com', '*.urchin.com', 'youtu.be', 'youtube.com', '*.youtube.com', 'music.youtube.com', '*.music.youtube.com', 'youtubeeducation.com', '*.youtubeeducation.com', 'youtubekids.com', '*.youtubekids.com', 'yt.be', '*.yt.be', 'android.clients.google.com', '*.android.google.cn', '*.chrome.google.cn', '*.developers.google.cn', '*.aistudio.google.com']",ECDSA,256.0,False,secp256r1,55859945f02685db2619fa387c724b684f17296fe07286f70f3e8b22f0367442,3be0e5f929677ccd9f4b2e722f20b92fcb54b7b1,"[{'sujeto': 'CN=*.google.com', 'emisor': 'CN=WR2,O=Google Trust Services,C=US', 'posicion': 0}]",False,True,31536000.0,False,False,False,True,True
sharepoint.com,2026-02-04T10:18:34.373850+00:00,exito,,,OpenSSL 3.0.13 30 Jan 2024,False,1.471,7.64,TLSv1.3,TLS_AES_256_GCM_SHA384,256.0,False,False,"CN=svc.ms,O=Microsoft Corporation,L=Redmond,ST=WA,C=US","CN=Microsoft TLS G2 RSA CA OCSP 10,O=Microsoft Corporation,C=US",1627954969528441588514721099518713868528495832,sha384WithRSAEncryption,2025-12-09T18:57:33+00:00,2026-12-04T18:57:33+00:00,303.0,valido,"['svc.ms', 'sharepoint.com', 'www.sharepoint.com', '*.onedrive.com', 'onedrive.com', '1drv.ms', '*.svc.ms', 'sharept.ms', '*.sharept.ms', 'sharepoint-df.com', '*.1drv.ms', '*.odwebp.svc.ms']",RSA,2048.0,False,,1005fbb0ac7fc37fac514d6553447669bcf1f02d9a9600d389dd17675a7fd56f,7619502cc6a9d9c0bd7313a50b0edf36c80cb1a0,"[{'sujeto': 'CN=svc.ms,O=Microsoft Corporation,L=Redmond,ST=WA,C=US', 'emisor': 'CN=Microsoft TLS G2 RSA CA OCSP 10,O=Microsoft Corporation,C=US', 'posicion': 0}]",False,False,,False,False,False,True,True
gvt1.com,2026-02-04T10:19:01.732727+00:00,error,,No se pudo resolver DNS para gvt1.com,OpenSSL 3.0.13 30 Jan 2024,False,,,,,,,,,,,,,,,,,,,,,,,,,,,,,,,
wikipedia.org,2026-02-04T10:18:34.324409+00:00,exito,,,OpenSSL 3.0.13 30 Jan 2024,False,0.184,121.22,TLSv1.3,TLS_AES_128_GCM_SHA256,128.0,False,False,CN=*.wikipedia.org,"CN=E8,O=Let's Encrypt,C=US",459387766738523978023119915539698495294594,ecdsa-with-SHA384,2025-12-08T22:27:50+00:00,2026-03-08T22:27:49+00:00,32.0,valido,"['*.m.mediawiki.org', '*.m.wikibooks.org', '*.m.wikidata.org', '*.m.wikimedia.org', '*.m.wikinews.org', '*.m.wikipedia.org', '*.m.wikiquote.org', '*.m.wikisource.org', '*.m.wikiversity.org', '*.m.wikivoyage.org', '*.m.wiktionary.org', '*.mediawiki.org', '*.planet.wikimedia.org', '*.wikibooks.org', '*.wikidata.org', '*.wikifunctions.org', '*.wikimedia.org', '*.wikimediafoundation.org', '*.wikinews.org', '*.wikipedia.org', '*.wikiquote.org', '*.wikisource.org', '*.wikiversity.org', '*.wikivoyage.org', '*.wiktionary.org', '*.wmfusercontent.org', 'mediawiki.org', 'w.wiki', 'wikibooks.org', 'wikidata.org', 'wikifunctions.org', 'wikimedia.org', 'wikimediafoundation.org', 'wikinews.org', 'wikipedia.org', 'wikiquote.org', 'wikisource.org', 'wikiversity.org', 'wikivoyage.org', 'wiktionary.org', 'wmfusercontent.org']",ECDSA,256.0,False,secp256r1,97399eb8d314310069fd4b2ca05a1cf5180bd9cdf397a27bda6e154b2f89214a,390917308a9acfd9af6fbe16586c31eaf62a3bd5,"[{'sujeto': 'CN=*.wikipedia.org', 'emisor': ""CN=E8,O=Let's Encrypt,C=US"", 'posicion': 0}]",False,False,,False,False,False,False,True
googleapis.com,2026-02-04T10:18:34.276586+00:00,exito,,,OpenSSL 3.0.13 30 Jan 2024,False,3.414,134.06,TLSv1.3,TLS_AES_256_GCM_SHA384,256.0,False,False,CN=*.googleapis.com,"CN=WR2,O=Google Trust Services,C=US",98073134670834058522435561227433520237,sha256WithRSAEncryption,2026-01-12T08:37:43+00:00,2026-04-06T08:37:42+00:00,60.0,valido,"['*.googleapis.com', 'googleapis.com', 'cloudendpointsapis.com', '*.cloudendpointsapis.com', '*.p.googleapis.com', '*.clients6.google.com', '*.pa.clients6.google.com', '*.clients6.google.ac', '*.clients6.google.ad', '*.clients6.google.ae', '*.clients6.google.af', '*.clients6.google.ag', '*.clients6.google.ai', '*.clients6.google.al', '*.clients6.google.am', '*.clients6.google.as', '*.clients6.google.at', '*.clients6.google.az', '*.clients6.google.ba', '*.clients6.google.be', '*.clients6.google.bf', '*.clients6.google.bg', '*.clients6.google.bi', '*.clients6.google.bj', '*.clients6.google.bs', '*.clients6.google.bt', '*.clients6.google.by', '*.clients6.google.bzh', '*.clients6.google.ca', '*.clients6.google.cat', '*.clients6.google.cc', '*.clients6.google.cd', '*.clients6.google.cf', '*.clients6.google.cg', '*.clients6.google.ch', '*.clients6.google.ci', '*.clients6.google.cl', '*.clients6.google.cm', '*.clients6.google.cn', '*.clients6.google.co.ao', '*.clients6.google.co.bw', '*.clients6.google.co.ck', '*.clients6.google.co.cr', '*.clients6.google.co.hu', '*.clients6.google.co.id', '*.clients6.google.co.il', '*.clients6.google.co.im', '*.clients6.google.co.in', '*.clients6.google.co.je', '*.clients6.google.co.jp', '*.clients6.google.co.ke', '*.clients6.google.co.kr', '*.clients6.google.co.ls', '*.clients6.google.co.ma', '*.clients6.google.co.mz', '*.clients6.google.co.nz', '*.clients6.google.co.th', '*.clients6.google.co.tz', '*.clients6.google.co.ug', '*.clients6.google.co.uk', '*.clients6.google.co.uz', '*.clients6.google.co.ve', '*.clients6.google.co.vi', '*.clients6.google.co.za', '*.clients6.google.co.zm', '*.clients6.google.co.zw', '*.clients6.google.com.af', '*.clients6.google.com.ag', '*.clients6.google.com.ai', '*.clients6.google.com.ar', '*.clients6.google.com.au', '*.clients6.google.com.bd', '*.clients6.google.com.bh', '*.clients6.google.com.bn', '*.clients6.google.com.bo', '*.clients6.google.com.br', '*.clients6.google.com.by', '*.clients6.google.com.bz', '*.clients6.google.com.co', '*.clients6.google.com.cu', '*.clients6.google.com.cy', '*.clients6.google.com.do', '*.clients6.google.com.ec', '*.clients6.google.com.eg', '*.clients6.google.com.et', '*.clients6.google.com.fj', '*.clients6.google.com.ge', '*.clients6.google.com.gh', '*.clients6.google.com.gi', '*.clients6.google.com.gr', '*.clients6.google.com.gt', '*.clients6.google.com.hk', '*.clients6.google.com.iq', '*.clients6.google.com.jm', '*.clients6.google.com.jo', '*.clients6.google.com.kh', '*.clients6.google.com.kw', '*.clients6.google.com.lb', '*.clients6.google.com.ly', '*.clients6.google.com.mm', '*.clients6.google.com.mt', '*.clients6.google.com.mx', '*.clients6.google.com.my', '*.clients6.google.com.na', '*.clients6.google.com.nf', '*.clients6.google.com.ng', '*.clients6.google.com.ni', '*.clients6.google.com.np', '*.clients6.google.com.nr', '*.clients6.google.com.om', '*.clients6.google.com.pa', '*.clients6.google.com.pe', '*.clients6.google.com.pg', '*.clients6.google.com.ph', '*.clients6.google.com.pk', '*.clients6.google.com.pl', '*.clients6.google.com.pr', '*.clients6.google.com.py', '*.clients6.google.com.qa', '*.clients6.google.com.ru', '*.clients6.google.com.sa', '*.clients6.google.com.sb', '*.clients6.google.com.sg', '*.clients6.google.com.sl', '*.clients6.google.com.sv', '*.clients6.google.com.tj', '*.clients6.google.com.tn', '*.clients6.google.com.tr', '*.clients6.google.com.tw', '*.clients6.google.com.ua', '*.clients6.google.com.uy', '*.clients6.google.com.vc', '*.clients6.google.com.ve', '*.clients6.google.com.vn', '*.clients6.google.cv', '*.clients6.google.cz', '*.clients6.google.de', '*.clients6.google.dj', '*.clients6.google.dk', '*.clients6.google.dm', '*.clients6.google.dz', '*.clients6.google.ee', '*.clients6.google.es', '*.clients6.google.eus', '*.clients6.google.fi', '*.clients6.google.fm', '*.clients6.google.fr', '*.clients6.google.frl', '*.clients6.google.ga', '*.clients6.google.gal', '*.clients6.google.ge', '*.clients6.google.gg', '*.clients6.google.gl', '*.clients6.google.gm', '*.clients6.google.gp', '*.clients6.google.gr', '*.clients6.google.gy', '*.clients6.google.hk', '*.clients6.google.hn', '*.clients6.google.hr', '*.clients6.google.ht', '*.clients6.google.hu', '*.clients6.google.ie', '*.clients6.google.im', '*.clients6.google.in', '*.clients6.google.info', '*.clients6.google.iq', '*.clients6.google.ir', '*.clients6.google.is', '*.clients6.google.it', '*.clients6.google.it.ao', '*.clients6.google.je', '*.clients6.google.jo', '*.clients6.google.jobs', '*.clients6.google.jp', '*.clients6.google.kg', '*.clients6.google.ki', '*.clients6.google.kz', '*.clients6.google.la', '*.clients6.google.li', '*.clients6.google.lk', '*.clients6.google.lt', '*.clients6.google.lu', '*.clients6.google.lv', '*.clients6.google.md', '*.clients6.google.me', '*.clients6.google.mg', '*.clients6.google.mk', '*.clients6.google.ml', '*.clients6.google.mn', '*.clients6.google.ms', '*.clients6.google.mu', '*.clients6.google.mv', '*.clients6.google.mw', '*.clients6.google.ne', '*.clients6.google.ne.jp', '*.clients6.google.net', '*.clients6.google.ng', '*.clients6.google.nl', '*.clients6.google.no', '*.clients6.google.nr', '*.clients6.google.nu', '*.clients6.google.off.ai', '*.clients6.google.pk', '*.clients6.google.pl', '*.clients6.google.pn', '*.clients6.google.ps', '*.clients6.google.pt', '*.clients6.google.ro', '*.clients6.google.rs', '*.clients6.google.ru', '*.clients6.google.rw', '*.clients6.google.sc', '*.clients6.google.se', '*.clients6.google.sh', '*.clients6.google.si', '*.clients6.google.sk', '*.clients6.google.sm', '*.clients6.google.sn', '*.clients6.google.so', '*.clients6.google.sr', '*.clients6.google.st', '*.clients6.google.td', '*.clients6.google.tel', '*.clients6.google.tg', '*.clients6.google.tk', '*.clients6.google.tl', '*.clients6.google.tm', '*.clients6.google.tn', '*.clients6.google.to', '*.clients6.google.tt', '*.clients6.google.us', '*.clients6.google.uz', '*.clients6.google.vg', '*.clients6.google.vu', '*.clients6.google.ws']",ECDSA,256.0,False,secp256r1,dd3cc7455c2acf299e26c52ff25c21fc120420804b786c74b3d1d4294232f116,327948b83f75153296fda7d64c703e18487fd8f9,"[{'sujeto': 'CN=*.googleapis.com', 'emisor': 'CN=WR2,O=Google Trust Services,C=US', 'posicion': 0}]",False,False,,False,False,False,True,True
facebook.com,2026-02-04T10:18:34.271632+00:00,exito,,,OpenSSL 3.0.13 30 Jan 2024,False,0.927,135.6,TLSv1.3,TLS_CHACHA20_POLY1305_SHA256,256.0,False,False,"CN=*.facebook.com,O=Meta Platforms\, Inc.,L=Menlo Park,ST=California,C=US","CN=DigiCert Global G2 TLS RSA SHA256 2020 CA1,O=DigiCert Inc,C=US",14049497175550984772139217079496369045,sha256WithRSAEncryption,2025-11-13T00:00:00+00:00,2026-02-11T23:59:59+00:00,7.0,valido,"['*.facebook.com', '*.facebook.net', '*.fbcdn.net', '*.fbsbx.com', '*.m.facebook.com', '*.messenger.com', '*.xx.fbcdn.net', '*.xy.fbcdn.net', '*.xz.fbcdn.net', 'facebook.com', 'messenger.com']",ECDSA,256.0,False,secp256r1,3547bb488b3bdfac290f55c2a78a08506d6c164dfd23c37c85be0e447dcdfc84,8313b2e3461ebd1a150c9e4c016f36ddcf77495a,"[{'sujeto': 'CN=*.facebook.com,O=Meta Platforms\\, Inc.,L=Menlo Park,ST=California,C=US', 'emisor': 'CN=DigiCert Global G2 TLS RSA SHA256 2020 CA1,O=DigiCert Inc,C=US', 'posicion': 0}]",False,True,15552000.0,False,False,False,False,True
microsoft.com,2026-02-04T10:18:34.270922+00:00,exito,,,OpenSSL 3.0.13 30 Jan 2024,False,0.45,345.74,TLSv1.3,TLS_AES_256_GCM_SHA384,256.0,False,False,"CN=microsoft.com,O=Microsoft Corporation,L=Redmond,ST=WA,C=US","CN=Microsoft Azure RSA TLS Issuing CA 04,O=Microsoft Corporation,C=US",1137638728912947536000274251500857104906043246,sha384WithRSAEncryption,2026-02-04T00:21:49+00:00,2026-08-03T00:21:49+00:00,179.0,valido,"['microsoft.com', 's.microsoft.com', 'ga.microsoft.com', 'aep.microsoft.com', 'aer.microsoft.com', 'grv.microsoft.com', 'hup.microsoft.com', 'mac.microsoft.com', 'mkb.microsoft.com', 'pme.microsoft.com', 'pmi.microsoft.com', 'rss.microsoft.com', 'sar.microsoft.com', 'tco.microsoft.com', 'fuse.microsoft.com', 'ieak.microsoft.com', 'mac2.microsoft.com', 'mcsp.microsoft.com', 'open.microsoft.com', 'shop.microsoft.com', 'spur.microsoft.com', 'itpro.microsoft.com', 'mango.microsoft.com', 'music.microsoft.com', 'pymes.microsoft.com', 'store.microsoft.com', 'aether.microsoft.com', 'alerts.microsoft.com', 'design.microsoft.com', 'garage.microsoft.com', 'gigjam.microsoft.com', 'msctec.microsoft.com', 'online.microsoft.com', 'stream.microsoft.com', 'afflink.microsoft.com', 'connect.microsoft.com', 'develop.microsoft.com', 'domains.microsoft.com', 'example.microsoft.com', 'madeira.microsoft.com', 'msdnisv.microsoft.com', 'mspress.microsoft.com', 'www.aep.microsoft.com', 'www.aer.microsoft.com', 'wwwbeta.microsoft.com', 'business.microsoft.com', 'empresas.microsoft.com', 'learning.microsoft.com', 'msdnwiki.microsoft.com', 'openness.microsoft.com', 'pinpoint.microsoft.com', 'snackbox.microsoft.com', 'sponsors.microsoft.com', 'stationq.microsoft.com', 'aistories.microsoft.com', 'community.microsoft.com', 'crawlmsdn.microsoft.com', 'iotschool.microsoft.com', 'messenger.microsoft.com', 'minecraft.microsoft.com', 'backoffice.microsoft.com', 'enterprise.microsoft.com', 'iotcentral.microsoft.com', 'pinunblock.microsoft.com', 'reroute443.microsoft.com', 'communities.microsoft.com', 'explore-smb.microsoft.com', 'expressions.microsoft.com', 'ondernemers.microsoft.com', 'techacademy.microsoft.com', 'terraserver.microsoft.com', 'communities2.microsoft.com', 'connectevent.microsoft.com', 'dataplatform.microsoft.com', 'entrepreneur.microsoft.com', 'hxd.research.microsoft.com', 'mspartnerira.microsoft.com', 'mydatahealth.microsoft.com', 'oemcommunity.microsoft.com', 'real-stories.microsoft.com', 'www.formspro.microsoft.com', 'futuredecoded.microsoft.com', 'upgradecenter.microsoft.com', 'learnanalytics.microsoft.com', 'onlinelearning.microsoft.com', 'businesscentral.microsoft.com', 'cloud-immersion.microsoft.com', 'studentpartners.microsoft.com', 'analyticspartner.microsoft.com', 'businessplatform.microsoft.com', 'explore-security.microsoft.com', 'kleinunternehmen.microsoft.com', 'partnercommunity.microsoft.com', 'explore-marketing.microsoft.com', 'innovationcontest.microsoft.com', 'partnerincentives.microsoft.com', 'phoenixcataloguat.microsoft.com', 'szkolyprzyszlosci.microsoft.com', 'www.powerautomate.microsoft.com', 'successionplanning.microsoft.com', 'lumiaconversationsuk.microsoft.com', 'successionplanninguat.microsoft.com', 'businessmobilitycenter.microsoft.com', 'skypeandteams.fasttrack.microsoft.com', 'www.microsoftdlapartnerow.microsoft.com', 'commercialappcertification.microsoft.com', 'www.skypeandteams.fasttrack.microsoft.com', 'ceoconnections.event.microsoft.com', 'biz4afrika.microsoft.com', 'cashback.microsoft.com', 'www.cashback.microsoft.com', 'visio.microsoft.com', 'insidemsr.microsoft.com', 'developervelocityassessment.com', 'www.developervelocityassessment.com', 'gears5.com', 'www.gears5.com', 'www.gearstactics.com', 'gearstactics.com', 'm12.microsoft.com', 'seeingai.com', 'yourchoice.microsoft.com', 'mvtd.events.microsoft.com', 'imagine.microsoft.com', 'microsoft.com.au', 'www.microsoft.com.au', 'dynamics.microsoft.com', 'powerplatform.microsoft.com', 'powerapps.microsoft.com', 'powerautomate.microsoft.com', 'powervirtualagents.microsoft.com', 'powerpages.microsoft.com', 'test.ideas.fabric.microsoft.com', 'sds.microsoft.com', 'ppe.sds.microsoft.com', 'www.microsoft365copilot.com', 'www.jclarity.com', 'techinnovatorsspotlight.com', 'www.techinnovatorsspotlight.com', 'copilot.ai', 'getlicensingready.com', 'www.getlicensingready.com', 'jpn.delve.office.com', 'aus.delve.office.com', 'ind.delve.office.com', 'kor.delve.office.com', 'cobra.me.microsoft.com', 'www.businesscentral.com', 'businesscentral.com', 'msaidatastudio.officeppe.net', 'ideas.fabric.microsoft.com', 'www.cpt.link', 'cpt.link', 'yarp.dot.net', 'microsoftstream.com', 'www.microsoftstream.com', 'web.microsoftstream.com', 'discover.copilot.ai', 'copilot.com', 'www.copilot.com', 'discover.copilot.com', 'researchforum.microsoft.com', 'cdn.techcommunity.microsoft.com']",RSA,2048.0,False,,b73fd2ef8d6efddd26a4b218619aac33d36d34238b8930cf50b0d66206939f20,40b3005534c15cc035b1f0061a813b8f91d1a02a,"[{'sujeto': 'CN=microsoft.com,O=Microsoft Corporation,L=Redmond,ST=WA,C=US', 'emisor': 'CN=Microsoft Azure RSA TLS Issuing CA 04,O=Microsoft Corporation,C=US', 'posicion': 0}]",False,True,31536000.0,False,False,False,False,True
edgekey.net,2026-02-04T10:19:01.793298+00:00,error,,No se pudo resolver DNS para edgekey.net,OpenSSL 3.0.13 30 Jan 2024,False,,,,,,,,,,,,,,,,,,,,,,,,,,,,,,,
azure.com,2026-02-04T10:18:34.317659+00:00,exito,,,OpenSSL 3.0.13 30 Jan 2024,False,0.461,217.97,TLSv1.3,TLS_AES_128_GCM_SHA256,128.0,False,False,"CN=gamedev.microsoft.com,O=Microsoft Corporation,L=Redmond,ST=WA,C=US","CN=Microsoft Azure RSA TLS Issuing CA 08,O=Microsoft Corporation,C=US",1137599344891457711646151422238885792800834096,sha384WithRSAEncryption,2026-01-19T12:23:06+00:00,2026-07-18T12:23:06+00:00,164.0,valido,"['gamedev.microsoft.com', 'mi.microsoft.com', 'cce.microsoft.com', 'formspro.microsoft.com', 'msp.msdn.microsoft.com', 'myignite.microsoft.com', 'www.msdn.microsoft.com', 'hxsdk.corp.microsoft.com', 'events.msdn.microsoft.com', 'getrewarded.microsoft.com', 'www.gamedev.microsoft.com', 'cacademystage.microsoft.com', 'gamedeveloper.microsoft.com', 'gamedevelopment.microsoft.com', 'portal.startups.microsoft.com', 'devicemanagement.microsoft.com', 'powerautomateweb.microsoft.com', 'services.premier.microsoft.com', 'www.gamedeveloper.microsoft.com', 'www.gamedevelopment.microsoft.com', 'solutions.diagnostics.support.microsoft.com', 'screening.microsoft.com', 'govscreening.microsoft.com', 'researchsummit.microsoft.com', 'research.microsoft.com', 'phylod.research.microsoft.com', 'biomedsearch.microsoft.com', 'todo.microsoft.com', 'endpoint.microsoft.com', 'endpoint.microsoft.us', 'businessapplications.transform.microsoft.com', 'securityhub.transform.microsoft.com', 'to-do.microsoft.com', 'shopping.microsoft.com', 'datamigration.microsoft.com', 'preview.mesh.microsoft.com', 'selfhost.mesh.microsoft.com', 'mesh.cloud-dev.microsoft.com', 'portal-selfhost.mesh.microsoft.com', 'virtualchat.support.microsoft.com', 'priva.microsoft.com', 'minecrafteducation.com', 'www.minecrafteducation.com', 'snowleopards.microsoft.com', 'microsoftviva.microsoft.com', 'employeeexperience.microsoft.com', 'innovation.microsoft.com', 'viva.microsoft.com', 'ex.microsoft.com', 'adatum.com', 'www.adatum.com', 'fourthcoffee.com', 'www.fourthcoffee.com', 'munsonspicklesandpreservesfarm.com', 'www.munsonspicklesandpreservesfarm.com', 'consolidatedmessenger.com', 'www.consolidatedmessenger.com', 'humongousinsurance.com', 'www.humongousinsurance.com', 'nodpublishers.com', 'www.nodpublishers.com', 'thephone-company.com', 'www.thephone-company.com', 'alpineskihouse.com', 'www.alpineskihouse.com', 'graphicdesigninstitute.com', 'www.graphicdesigninstitute.com', 'wideworldimporters.com', 'www.wideworldimporters.com', 'contososuites.com', 'www.contososuites.com', 'lamnahealthcare.com', 'www.lamnahealthcare.com', 'northwindtraders.com', 'www.northwindtraders.com', 'bellowscollege.com', 'www.bellowscollege.com', 'wingtiptoys.com', 'www.wingtiptoys.com', 'fabrikamresidences.com', 'www.fabrikamresidences.com', 'libertysdelightfulsinfulbakeryandcafe.com', 'www.libertysdelightfulsinfulbakeryandcafe.com', 'proseware.com', 'www.proseware.com', 'bestforyouorganics.com', 'www.bestforyouorganics.com', 'woodgrovebank.com', 'www.woodgrovebank.com', 'fabrikam.com', 'www.fabrikam.com', 'lucernepublishing.com', 'www.lucernepublishing.com', 'fineartschool.net', 'www.fineartschool.net', 'firstupconsultants.com', 'www.firstupconsultants.com', 'margiestravel.com', 'www.margiestravel.com', 'southridgevideo.com', 'www.southridgevideo.com', 'tailspintoys.com', 'www.tailspintoys.com', 'treyresearch.net', 'www.treyresearch.net', 'copilot.microsoft365.com', 'partnerclub.microsoft.fr', 'forums.hololens.com', 'partners.surface.com', 'acom.azure.net', 'acomdocs-staging.azure.net', 'community.copilotstudio.com', 'microsoftadvertising.ai', 'www.microsoftadvertising.ai', 'windowsazure.com', 'www.windowsazure.com', 'azure.com', 'www.azure.com', 'www.azure.microsoft.com', 'outlookalki.com', 'copilot.si', 'www.copilot.si', 'smartscreentestratings.com', 'smartscreentestratings.net', 'smartscreentestratings1.com', 'smartscreentestratings1.net', 'smartscreentestratings2.com', 'smartscreentestratings2.net', 'www.smartscreentestratings2.net', 'www.smartscreentestratings2.com', 'www.smartscreentestratings1.net', 'www.smartscreentestratings1.com', 'www.smartscreentestratings.net', 'www.smartscreentestratings.com', 'secure.microsoft.com', 'workshops.microsoft.com', 'ccf.microsoft.com', 'noslidesattached.com', 'noslidesattachedpodcast.com', 'www.noslidesattachedpodcast.com', 'www.noslidesattached.com']",RSA,2048.0,False,,6135ff99e39505a8296bf812f79a7395626c916a6dc8397b616c94842374f791,415e25773d102ff9c46141c49f2afdf72b08b9ce,"[{'sujeto': 'CN=gamedev.microsoft.com,O=Microsoft Corporation,L=Redmond,ST=WA,C=US', 'emisor': 'CN=Microsoft Azure RSA TLS Issuing CA 08,O=Microsoft Corporation,C=US', 'posicion': 0}]",False,True,31536000.0,False,False,False,True,True
x.com,2026-02-04T10:18:34.495062+00:00,exito,,,OpenSSL 3.0.13 30 Jan 2024,False,0.211,19.89,TLSv1.3,TLS_AES_256_GCM_SHA384,256.0,False,False,CN=x.com,"CN=E7,O=Let's Encrypt,C=US",505638441632205666545893472255679464912556,ecdsa-with-SHA384,2026-02-01T16:16:32+00:00,2026-05-02T16:16:31+00:00,87.0,valido,"['*.x.com', 'cdn.syndication.x.com', 'x.com']",ECDSA,256.0,False,secp256r1,8a7eee2723c6b9b23ea013d4eb855664742779c1d7e49505311089ffb4f1c29e,8a09f29b79727685c3be52e77b8ada26103a8f8c,"[{'sujeto': 'CN=x.com', 'emisor': ""CN=E7,O=Let's Encrypt,C=US"", 'posicion': 0}]",False,True,631138519.0,False,False,False,True,True
root-servers.net,2026-02-04T10:19:01.839107+00:00,error,,No se pudo resolver DNS para root-servers.net,OpenSSL 3.0.13 30 Jan 2024,False,,,,,,,,,,,,,,,,,,,,,,,,,,,,,,,
edgesuite.net,2026-02-04T10:19:01.832492+00:00,error,,No se pudo resolver DNS para edgesuite.net,OpenSSL 3.0.13 30 Jan 2024,False,,,,,,,,,,,,,,,,,,,,,,,,,,,,,,,
vedcdnlb.com,2026-02-04T10:19:01.909143+00:00,error,,No se pudo resolver DNS para vedcdnlb.com,OpenSSL 3.0.13 30 Jan 2024,False,,,,,,,,,,,,,,,,,,,,,,,,,,,,,,,
github.com,2026-02-04T10:18:34.330390+00:00,exito,,,OpenSSL 3.0.13 30 Jan 2024,False,3.526,119.67,TLSv1.3,TLS_AES_128_GCM_SHA256,128.0,False,False,CN=github.com,"CN=Sectigo Public Server Authentication CA DV E36,O=Sectigo Limited,C=GB",3272902241247380829979740935184468926,ecdsa-with-SHA256,2026-01-06T00:00:00+00:00,2026-04-05T23:59:59+00:00,60.0,valido,"['github.com', 'www.github.com']",ECDSA,256.0,False,secp256r1,541cd0298cf1f19aaef4386e0fc4c13e892785e71dba5133b6b9820ef61b2ce8,e3b32dab1e685b16945d1499824f6569583a9a61,"[{'sujeto': 'CN=github.com', 'emisor': 'CN=Sectigo Public Server Authentication CA DV E36,O=Sectigo Limited,C=GB', 'posicion': 0}]",False,True,31536000.0,False,False,False,True,True
googletagmanager.com,2026-02-04T10:18:34.303033+00:00,exito,,,OpenSSL 3.0.13 30 Jan 2024,False,5.935,126.38,TLSv1.3,TLS_AES_256_GCM_SHA384,256.0,False,False,CN=*.google-analytics.com,"CN=WR2,O=Google Trust Services,C=US",174994807554963972259261101776731443330,sha256WithRSAEncryption,2026-01-12T08:36:37+00:00,2026-04-06T08:36:36+00:00,60.0,valido,"['*.google-analytics.com', 'region1.app-measurement.com', 'app-measurement.com', 'region1.att.app-measurement.com', 'att.app-measurement.com', 'region1.analytics.app-measurement.com', 'analytics.app-measurement.com', 'region1.app-analytics-services-att.com', 'app-analytics-services-att.com', 'region1.app-analytics-services.com', 'app-analytics-services.com', 'google-analytics.com', 'region1.google-analytics.com', 'ssl.google-analytics.com', 'www.google-analytics.com', 'region1.analytics.google.com', 'googletagmanager.com', 'www.googletagmanager.com', 'urchin.com', 'service.urchin.com', 'fps.goog', '*.fps.goog', 'googleoptimize.com', 'www.googleoptimize.com']",ECDSA,256.0,False,secp256r1,0851d442818d57ac8318868525adf12f821760a4fac6d4098634d330657809b2,d14edbc91c907426d2f3407402db663623cb4512,"[{'sujeto': 'CN=*.google-analytics.com', 'emisor': 'CN=WR2,O=Google Trust Services,C=US', 'posicion': 0}]",False,False,,False,False,False,True,True
digicert.com,2026-02-04T10:18:34.349654+00:00,exito,,,OpenSSL 3.0.13 30 Jan 2024,False,0.312,324.47,TLSv1.3,TLS_AES_128_GCM_SHA256,128.0,False,False,"CN=www.digicert.com,O=DigiCert\, Inc.,L=Lehi,ST=Utah,C=US,2.5.4.5=5299537-0142,2.5.4.15=Private Organization,1.3.6.1.4.1.311.60.2.1.2=Utah,1.3.6.1.4.1.311.60.2.1.3=US","CN=DigiCert EV RSA CA G2,O=DigiCert Inc,C=US",15047447285307427080329337692600969666,sha256WithRSAEncryption,2026-01-05T00:00:00+00:00,2026-02-20T23:59:59+00:00,16.0,valido,"['www.digicert.com', 'digicert.com']",RSA,2048.0,False,,bc49df2b3c138fffd5797e3179a8aab468e3aed7d1ad988c863939ab4ecd0f18,5acc6b91ba24f8d21a296a5281c75bc670e61f46,"[{'sujeto': 'CN=www.digicert.com,O=DigiCert\\, Inc.,L=Lehi,ST=Utah,C=US,2.5.4.5=5299537-0142,2.5.4.15=Private Organization,1.3.6.1.4.1.311.60.2.1.2=Utah,1.3.6.1.4.1.311.60.2.1.3=US', 'emisor': 'CN=DigiCert EV RSA CA G2,O=DigiCert Inc,C=US', 'posicion': 0}]",False,True,31536000.0,False,False,False,False,True
roblox.com,2026-02-04T10:18:42.740204+00:00,exito,,,OpenSSL 3.0.13 30 Jan 2024,False,0.849,9.62,TLSv1.3,TLS_AES_128_GCM_SHA256,128.0,False,False,"CN=roblox.com,O=Roblox Corporation,ST=California,C=US","CN=Sectigo Public Server Authentication CA OV R36,O=Sectigo Limited,C=GB",318981345687953866966459948219812636416,sha256WithRSAEncryption,2025-12-15T00:00:00+00:00,2026-12-15T23:59:59+00:00,314.0,valido,"['roblox.com', '*.roblox.com']",RSA,2048.0,False,,fac1e121066ac0dca6314dec051b155ad844683ff91cd6c7f02d623a6f336f6c,277f34635bdfd0ef675ac4c8e12c6f19f8f0be3d,"[{'sujeto': 'CN=roblox.com,O=Roblox Corporation,ST=California,C=US', 'emisor': 'CN=Sectigo Public Server Authentication CA OV R36,O=Sectigo Limited,C=GB', 'posicion': 0}]",False,True,31536000.0,False,False,False,True,True
tiktok.com,2026-02-04T10:18:40.194254+00:00,exito,,,OpenSSL 3.0.13 30 Jan 2024,False,0.7,9.12,TLSv1.3,TLS_AES_256_GCM_SHA384,256.0,False,False,CN=*.tiktok.com,"CN=RapidSSL TLS ECC CA G1,OU=www.digicert.com,O=DigiCert Inc,C=US",3318517467005318697762803333268929075,ecdsa-with-SHA256,2025-06-16T00:00:00+00:00,2026-06-15T23:59:59+00:00,131.0,valido,"['*.tiktok.com', 'tiktok.com']",ECDSA,256.0,False,secp256r1,0109b4e1a32aab7ea8ffec74be6dc7de02c90c63bcc4c150a1d1b0ff57949249,2fb289bd94e653e1c454edef76cd56e7f766df7a,"[{'sujeto': 'CN=*.tiktok.com', 'emisor': 'CN=RapidSSL TLS ECC CA G1,OU=www.digicert.com,O=DigiCert Inc,C=US', 'posicion': 0}]",False,False,,False,False,False,True,True
adobe.com,2026-02-04T10:18:42.302287+00:00,exito,,,OpenSSL 3.0.13 30 Jan 2024,False,0.758,17.74,TLSv1.3,TLS_AES_256_GCM_SHA384,256.0,False,False,"CN=*.adobe.com,O=Adobe Inc,L=San Jose,ST=California,C=US","CN=DigiCert TLS Hybrid ECC SHA384 2020 CA1,O=DigiCert Inc,C=US",2529632573460917823817574488298832778,ecdsa-with-SHA384,2025-03-05T00:00:00+00:00,2026-03-05T23:59:59+00:00,29.0,valido,"['*.adobe.com', 'adobe.com']",ECDSA,256.0,False,secp256r1,8597fdc1ccd6c8a16a2fc23e85eb8e3262c73aa50ceb919f871dc4046f33d623,8c70b9dab366797bfaf1c2fffe13ecaf96b64a31,"[{'sujeto': 'CN=*.adobe.com,O=Adobe Inc,L=San Jose,ST=California,C=US', 'emisor': 'CN=DigiCert TLS Hybrid ECC SHA384 2020 CA1,O=DigiCert Inc,C=US', 'posicion': 0}]",False,True,86400.0,False,False,False,True,True
vimeo.com,2026-02-04T10:18:40.345067+00:00,exito,,,OpenSSL 3.0.13 30 Jan 2024,False,0.388,13.99,TLSv1.3,TLS_AES_256_GCM_SHA384,256.0,False,False,CN=vimeo.com,"CN=WE1,O=Google Trust Services,C=US",3529003400037497381796313985902597374,ecdsa-with-SHA256,2026-01-10T11:31:07+00:00,2026-04-10T12:31:03+00:00,65.0,valido,"['vimeo.com', '*.vimeo.com']",ECDSA,256.0,False,secp256r1,e5a7de3bcbb77bad70b49db3b90a7ad86aa1d189a07cb2ecc866032b29759f0d,cf0bba15b0e8e44b392979e7db55ee8bb98444c0,"[{'sujeto': 'CN=vimeo.com', 'emisor': 'CN=WE1,O=Google Trust Services,C=US', 'posicion': 0}]",False,True,31536000.0,False,False,False,True,True
youtube.com,2026-02-04T10:18:34.284109+00:00,exito,,,OpenSSL 3.0.13 30 Jan 2024,False,3.561,130.81,TLSv1.3,TLS_AES_256_GCM_SHA384,256.0,False,False,CN=*.google.com,"CN=WR2,O=Google Trust Services,C=US",265062712008268186195122258179130442579,sha256WithRSAEncryption,2026-01-12T08:36:37+00:00,2026-04-06T08:36:36+00:00,60.0,valido,"['*.google.com', '*.appengine.google.com', '*.bdn.dev', '*.origin-test.bdn.dev', '*.cloud.google.com', '*.crowdsource.google.com', '*.datacompute.google.com', '*.google.ca', '*.google.cl', '*.google.co.in', '*.google.co.jp', '*.google.co.uk', '*.google.com.ar', '*.google.com.au', '*.google.com.br', '*.google.com.co', '*.google.com.mx', '*.google.com.tr', '*.google.com.vn', '*.google.de', '*.google.es', '*.google.fr', '*.google.hu', '*.google.it', '*.google.nl', '*.google.pl', '*.google.pt', '*.googleapis.cn', '*.googlevideo.com', '*.gstatic.cn', '*.gstatic-cn.com', 'googlecnapps.cn', '*.googlecnapps.cn', 'googleapps-cn.com', '*.googleapps-cn.com', 'gkecnapps.cn', '*.gkecnapps.cn', 'googledownloads.cn', '*.googledownloads.cn', 'recaptcha.net.cn', '*.recaptcha.net.cn', 'recaptcha-cn.net', '*.recaptcha-cn.net', 'widevine.cn', '*.widevine.cn', 'ampproject.org.cn', '*.ampproject.org.cn', 'ampproject.net.cn', '*.ampproject.net.cn', 'google-analytics-cn.com', '*.google-analytics-cn.com', 'googleadservices-cn.com', '*.googleadservices-cn.com', 'googlevads-cn.com', '*.googlevads-cn.com', 'googleapis-cn.com', '*.googleapis-cn.com', 'googleoptimize-cn.com', '*.googleoptimize-cn.com', 'doubleclick-cn.net', '*.doubleclick-cn.net', '*.fls.doubleclick-cn.net', '*.g.doubleclick-cn.net', 'doubleclick.cn', '*.doubleclick.cn', '*.fls.doubleclick.cn', '*.g.doubleclick.cn', 'dartsearch-cn.net', '*.dartsearch-cn.net', 'googletraveladservices-cn.com', '*.googletraveladservices-cn.com', 'googletagservices-cn.com', '*.googletagservices-cn.com', 'googletagmanager-cn.com', '*.googletagmanager-cn.com', 'googlesyndication-cn.com', '*.googlesyndication-cn.com', '*.safeframe.googlesyndication-cn.com', 'app-measurement-cn.com', '*.app-measurement-cn.com', 'gvt1-cn.com', '*.gvt1-cn.com', 'gvt2-cn.com', '*.gvt2-cn.com', '2mdn-cn.net', '*.2mdn-cn.net', 'googleflights-cn.net', '*.googleflights-cn.net', 'admob-cn.com', '*.admob-cn.com', '*.gemini.cloud.google.com', 'googlesandbox-cn.com', '*.googlesandbox-cn.com', '*.safenup.googlesandbox-cn.com', '*.gstatic.com', '*.metric.gstatic.com', '*.gvt1.com', '*.gcpcdn.gvt1.com', '*.gvt2.com', '*.gcp.gvt2.com', '*.url.google.com', '*.youtube-nocookie.com', '*.ytimg.com', 'ai.android', 'android.com', '*.android.com', '*.flash.android.com', 'g.cn', '*.g.cn', 'g.co', '*.g.co', 'goo.gl', 'www.goo.gl', 'google-analytics.com', '*.google-analytics.com', 'google.com', 'googlecommerce.com', '*.googlecommerce.com', 'ggpht.cn', '*.ggpht.cn', 'urchin.com', '*.urchin.com', 'youtu.be', 'youtube.com', '*.youtube.com', 'music.youtube.com', '*.music.youtube.com', 'youtubeeducation.com', '*.youtubeeducation.com', 'youtubekids.com', '*.youtubekids.com', 'yt.be', '*.yt.be', 'android.clients.google.com', '*.android.google.cn', '*.chrome.google.cn', '*.developers.google.cn', '*.aistudio.google.com']",ECDSA,256.0,False,secp256r1,55859945f02685db2619fa387c724b684f17296fe07286f70f3e8b22f0367442,3be0e5f929677ccd9f4b2e722f20b92fcb54b7b1,"[{'sujeto': 'CN=*.google.com', 'emisor': 'CN=WR2,O=Google Trust Services,C=US', 'posicion': 0}]",False,True,31536000.0,False,False,False,True,True
amazon.com,2026-02-04T10:18:34.305551+00:00,exito,,,OpenSSL 3.0.13 30 Jan 2024,False,3.718,371.63,TLSv1.3,TLS_AES_128_GCM_SHA256,128.0,False,False,CN=*.peg.a2z.com,"CN=DigiCert Global CA G2,O=DigiCert Inc,C=US",17254315543325975286547466867573710433,sha256WithRSAEncryption,2026-02-02T00:00:00+00:00,2027-01-23T23:59:59+00:00,353.0,valido,"['amazon.co.uk', 'uedata.amazon.co.uk', 'www.amazon.co.uk', 'origin-www.amazon.co.uk', '*.peg.a2z.com', 'amazon.com', 'amzn.com', 'uedata.amazon.com', 'us.amazon.com', 'www.amazon.com', 'www.amzn.com', 'corporate.amazon.com', 'buybox.amazon.com', 'iphone.amazon.com', 'yp.amazon.com', 'home.amazon.com', 'origin-www.amazon.com', 'origin2-www.amazon.com', 'buckeye-retail-website.amazon.com', 'huddles.amazon.com', 'amazon.de', 'www.amazon.de', 'origin-www.amazon.de', 'amazon.co.jp', 'amazon.jp', 'www.amazon.jp', 'www.amazon.co.jp', 'origin-www.amazon.co.jp', '*.aa.peg.a2z.com', '*.ab.peg.a2z.com', '*.ac.peg.a2z.com', 'origin-www.amazon.com.au', 'www.amazon.com.au', '*.bz.peg.a2z.com', 'amazon.com.au', 'origin2-www.amazon.co.jp', 'edgeflow.aero.4d5ad1d2b-frontier.amazon.co.jp', 'edgeflow.aero.04f01a85e-frontier.amazon.com.au', 'edgeflow.aero.47cf2c8c9-frontier.amazon.com', 'edgeflow.aero.abe2c2f23-frontier.amazon.de', 'edgeflow.aero.bfbdc3ca1-frontier.amazon.co.uk', 'edgeflow-dp.aero.4d5ad1d2b-frontier.amazon.co.jp', 'edgeflow-dp.aero.04f01a85e-frontier.amazon.com.au', 'edgeflow-dp.aero.47cf2c8c9-frontier.amazon.com', 'edgeflow-dp.aero.bfbdc3ca1-frontier.amazon.co.uk', 'edgeflow-dp.aero.abe2c2f23-frontier.amazon.de', 'shop.business.amazon.com']",RSA,2048.0,False,,50f6e40f406a9583a3f82b5b7036b7766451175955171d1e4a44517d2f7dbf79,b91850e78fbc2e049a500342e4953abb84a5576d,"[{'sujeto': 'CN=*.peg.a2z.com', 'emisor': 'CN=DigiCert Global CA G2,O=DigiCert Inc,C=US', 'posicion': 0}]",False,False,,False,False,False,True,True
workers.dev,2026-02-04T10:18:34.311852+00:00,exito,,,OpenSSL 3.0.13 30 Jan 2024,False,2.465,235.66,TLSv1.3,TLS_AES_256_GCM_SHA384,256.0,False,False,CN=workers.dev,"CN=WE1,O=Google Trust Services,C=US",334317986254479737074451626298240079682,ecdsa-with-SHA256,2026-01-07T15:03:01+00:00,2026-04-07T16:02:46+00:00,62.0,valido,"['workers.dev', '*.workers.dev']",ECDSA,256.0,False,secp256r1,b980e69facc5ca978d0aa135450108285f08aaa9a224a2ba71e0ea3ac03cc70d,c0449bd72bcc95f0dfd601037e0c51b10d9afb04,"[{'sujeto': 'CN=workers.dev', 'emisor': 'CN=WE1,O=Google Trust Services,C=US', 'posicion': 0}]",False,False,,False,False,False,True,True
twitter.com,2026-02-04T10:18:34.299486+00:00,exito,,,OpenSSL 3.0.13 30 Jan 2024,False,3.375,128.62,TLSv1.3,TLS_AES_128_GCM_SHA256,128.0,False,False,CN=x.com,"CN=R13,O=Let's Encrypt,C=US",462297822440297195010194982133876499457852,sha256WithRSAEncryption,2026-01-23T03:35:25+00:00,2026-04-23T03:35:24+00:00,77.0,valido,"['*.twitter.com', '*.twitterintegration.com', '*.x.com', 't.co', 'twitter.com', 'x.com']",RSA,2048.0,False,,f73a120bc11285b344937b71677ad1a994eb56dc87e86b069b136ad8ace86f08,8a98933100dbfecdc3806abb0e794b1d64a5766f,"[{'sujeto': 'CN=x.com', 'emisor': ""CN=R13,O=Let's Encrypt,C=US"", 'posicion': 0}]",False,True,300.0,False,False,False,True,True
msn.com,2026-02-04T10:18:34.455728+00:00,exito,,,OpenSSL 3.0.13 30 Jan 2024,False,5.795,22.78,TLSv1.3,TLS_AES_256_GCM_SHA384,256.0,False,False,"CN=*.msn.com,O=Microsoft Corporation,L=Redmond,ST=WA,C=US","CN=Microsoft Azure RSA TLS Issuing CA 07,O=Microsoft Corporation,C=US",1137609308021074407927816754537339647711594909,sha384WithRSAEncryption,2026-01-28T23:27:39+00:00,2026-07-27T23:27:39+00:00,173.0,valido,"['*.msn.com', '*.services.msn.com', 'msn.com']",RSA,2048.0,False,,7b6b57a5b5df164421d31f62b723af3505dfdf5368da1b0f01edaa5b05fe29bc,413d707ca32abc05cdff13ac347414ecf87ea9c8,"[{'sujeto': 'CN=*.msn.com,O=Microsoft Corporation,L=Redmond,ST=WA,C=US', 'emisor': 'CN=Microsoft Azure RSA TLS Issuing CA 07,O=Microsoft Corporation,C=US', 'posicion': 0}]",False,True,63072000.0,False,False,False,True,True
googlesyndication.com,2026-02-04T10:18:34.424318+00:00,exito,,,OpenSSL 3.0.13 30 Jan 2024,False,6.002,43.25,TLSv1.3,TLS_AES_256_GCM_SHA384,256.0,False,False,CN=*.g.doubleclick.net,"CN=WR2,O=Google Trust Services,C=US",131332071861587418499573740179549122408,sha256WithRSAEncryption,2026-01-12T08:36:37+00:00,2026-04-06T08:36:36+00:00,60.0,valido,"['*.g.doubleclick.net', '*.invitemedia.com', 'g.doubleclick.net', 'googleadservices.com', '*.googleadservices.com', 'googlesyndication.com', '*.googlesyndication.com', '*.safeframe.googlesyndication.com', 'googletagservices.com', '*.googletagservices.com', 'media.admob.com', 'mediation.goog', 'mediation-att.goog']",ECDSA,256.0,False,secp256r1,aa9820f7c5386579aba22289a4c084f0ed103f63a90d9e650bd546207058c9fc,712c81dcab3396a66b4334bad51bb334c71d6069,"[{'sujeto': 'CN=*.g.doubleclick.net', 'emisor': 'CN=WR2,O=Google Trust Services,C=US', 'posicion': 0}]",False,False,,False,False,False,True,True
live.com,2026-02-04T10:18:34.301516+00:00,exito,,,OpenSSL 3.0.13 30 Jan 2024,False,17.097,369.61,TLSv1.3,TLS_AES_256_GCM_SHA384,256.0,False,False,"CN=outlook.live.com,O=Microsoft Corporation,L=Redmond,ST=Washington,C=US","CN=DigiCert Cloud Services CA-1,O=DigiCert Inc,C=US",19088220502624679713354125377905222620,sha256WithRSAEncryption,2025-09-13T00:00:00+00:00,2026-09-12T23:59:59+00:00,220.0,valido,"['outlook.live.com', 'outlook-sdf.live.com', 'attachment.outlook.office.net', 'attachment.outlook.officeppe.net', 'hotmail.com', '*.calendar.live.com', '*.hotmail.com', '*.live.com', '*.mail.live.com', 'afd-l.office.com', 'live.com', '*.nrb.footprintdns.com', '*.fp.measure.office.com', 'premium.outlook.com']",RSA,2048.0,False,,c7acfa60c6bad7f78a69e6b0f2b41ae0fc2b449d340cef915afb65c5676dd519,26133df99cebc77b9efa0bb1f53d17700a00ec90,"[{'sujeto': 'CN=outlook.live.com,O=Microsoft Corporation,L=Redmond,ST=Washington,C=US', 'emisor': 'CN=DigiCert Cloud Services CA-1,O=DigiCert Inc,C=US', 'posicion': 0}]",False,False,,False,False,False,True,True
gstatic.com,2026-02-04T10:18:34.290960+00:00,exito,,,OpenSSL 3.0.13 30 Jan 2024,False,21.613,188.64,TLSv1.3,TLS_AES_256_GCM_SHA384,256.0,False,False,CN=*.gstatic.com,"CN=WR2,O=Google Trust Services,C=US",42211843968894846159979771283700453637,sha256WithRSAEncryption,2026-01-12T08:37:55+00:00,2026-04-06T08:37:54+00:00,60.0,valido,"['*.gstatic.com', 'gstatic.com', '*.metric.gstatic.com']",ECDSA,256.0,False,secp256r1,614536539c8ee6e37293d5b62e2531082f705bc8fa43ea70b8ce11bf74c79298,c911f38a1f95ba78f07109acaae5acd1ed83e404,"[{'sujeto': 'CN=*.gstatic.com', 'emisor': 'CN=WR2,O=Google Trust Services,C=US', 'posicion': 0}]",False,False,,False,False,False,True,True
gandi.net,2026-02-04T10:18:34.650604+00:00,exito,,,OpenSSL 3.0.13 30 Jan 2024,False,21.537,47.51,TLSv1.3,TLS_AES_256_GCM_SHA384,256.0,False,False,CN=www.gandi.net,"CN=GandiCert,O=Gandi SAS,C=FR",1717457081052706834986472519282617493,sha256WithRSAEncryption,2025-05-07T00:00:00+00:00,2026-06-07T23:59:59+00:00,123.0,valido,"['www.gandi.net', 'gandi.net']",RSA,4096.0,False,,c4c88f9232e4376a362bc0f9c9405a5ef3b7dbcdbbb9cffb301f196e5f2cd779,b5c07d927809e21ad59da02b363657e74a0cf6c2,"[{'sujeto': 'CN=www.gandi.net', 'emisor': 'CN=GandiCert,O=Gandi SAS,C=FR', 'posicion': 0}]",False,False,,False,False,False,True,True
apple.com,2026-02-04T10:18:34.281575+00:00,exito,,,OpenSSL 3.0.13 30 Jan 2024,False,21.579,102.91,TLSv1.3,TLS_AES_256_GCM_SHA384,256.0,False,False,"CN=apple.com,O=Apple Inc.,L=Cupertino,ST=California,C=US,2.5.4.5=C0806592,1.3.6.1.4.1.311.60.2.1.2=California,1.3.6.1.4.1.311.60.2.1.3=US,2.5.4.15=Private Organization","CN=Apple Public EV Server ECC CA 1 - G1,O=Apple Inc.,C=US",88191319019336513779896353701778236031,ecdsa-with-SHA256,2026-01-06T17:41:24+00:00,2026-03-31T19:48:00+00:00,55.0,valido,['apple.com'],ECDSA,256.0,False,secp256r1,325c080e2bada65ec4059c6c2bdba8e862fa2f15f8d7e1dcbb7ba9c9d712fa66,dc59c4d2c7a1e3a73b71cb9a21c404ac93c2888e,"[{'sujeto': 'CN=apple.com,O=Apple Inc.,L=Cupertino,ST=California,C=US,2.5.4.5=C0806592,1.3.6.1.4.1.311.60.2.1.2=California,1.3.6.1.4.1.311.60.2.1.3=US,2.5.4.15=Private Organization', 'emisor': 'CN=Apple Public EV Server ECC CA 1 - G1,O=Apple Inc.,C=US', 'posicion': 0}]",False,False,,False,False,False,True,True
linkedin.com,2026-02-04T10:18:34.302048+00:00,exito,,,OpenSSL 3.0.13 30 Jan 2024,False,21.676,133.92,TLSv1.3,TLS_AES_256_GCM_SHA384,256.0,False,False,"CN=www.linkedin.com,O=LinkedIn Corporation,L=Sunnyvale,ST=California,C=US","CN=DigiCert SHA2 Secure Server CA,O=DigiCert Inc,C=US",17936262038723089915073539518647961331,sha256WithRSAEncryption,2026-01-30T00:00:00+00:00,2026-07-30T23:59:59+00:00,176.0,valido,"['www.linkedin.com', 'linkedin.com', 'rum5.perf.linkedin.com', 'exp4.www.linkedin.com', 'exp3.www.linkedin.com', 'exp2.www.linkedin.com', 'exp1.www.linkedin.com', 'rum2.perf.linkedin.com', 'rum4.perf.linkedin.com', 'rum6.perf.linkedin.com', 'rum17.perf.linkedin.com', 'rum8.perf.linkedin.com', 'rum9.perf.linkedin.com', 'afd.perf.linkedin.com', 'rum14.perf.linkedin.com', 'rum18.perf.linkedin.com', 'rum19.perf.linkedin.com', 'exp5.www.linkedin.com', 'realtime.www.linkedin.com', 'px.ads.linkedin.com', 'px4.ads.linkedin.com', 'dc.ads.linkedin.com', 'lnkd.in', 'px.jobs.linkedin.com', 'mid4.linkedin.com', 'lan.sdk.linkedin.com', 'www.linkedin-measure.com', 'status.linkedin.com', 'payment.www.linkedin.com', 'afd-wcs.www.linkedin.com', 'shm.www.linkedin.com', 'static.licdn.com', 'static-exp1.licdn.com', 'static-exp2.licdn.com', 'static-exp3.licdn.com', 'static-afd.licdn.com', 'rum22.perf.linkedin.com', 'cf.perf.linkedin.com', 'cf.grpc.linkedin.com']",RSA,2048.0,False,,8f3914686a238e03bb7d211f6cee5c41a4ad1473f269dc8296529f07b7155c8d,e86965ec0bf1ad85da09115d23a6bb049cd4d81f,"[{'sujeto': 'CN=www.linkedin.com,O=LinkedIn Corporation,L=Sunnyvale,ST=California,C=US', 'emisor': 'CN=DigiCert SHA2 Secure Server CA,O=DigiCert Inc,C=US', 'posicion': 0}]",False,False,,False,False,False,True,True
whatsapp.net,2026-02-04T10:18:34.346956+00:00,exito,,,OpenSSL 3.0.13 30 Jan 2024,False,21.577,251.94,TLSv1.3,TLS_CHACHA20_POLY1305_SHA256,256.0,False,False,"CN=*.whatsapp.net,O=Meta Platforms\, Inc.,L=Menlo Park,ST=California,C=US","CN=DigiCert Global G2 TLS RSA SHA256 2020 CA1,O=DigiCert Inc,C=US",15468818656289408500419228707611906612,sha256WithRSAEncryption,2025-11-13T00:00:00+00:00,2026-02-11T23:59:59+00:00,7.0,valido,"['*.whatsapp.net', '*.cdn.whatsapp.net', '*.snr.whatsapp.net', '*.whatsapp.com', 'wa.me', 'whatsapp.com', 'whatsapp.net']",ECDSA,256.0,False,secp256r1,c9b629c179792b893cdd166aa96f1f81b11f4cd1d519498335fd2d9b17bfbbc7,bcc49689f07a57a27973c0b15492bb4e39821a9a,"[{'sujeto': 'CN=*.whatsapp.net,O=Meta Platforms\\, Inc.,L=Menlo Park,ST=California,C=US', 'emisor': 'CN=DigiCert Global G2 TLS RSA SHA256 2020 CA1,O=DigiCert Inc,C=US', 'posicion': 0}]",False,True,31536000.0,False,False,False,True,True
tiktokv.com,2026-02-04T10:18:57.145989+00:00,exito,,,OpenSSL 3.0.13 30 Jan 2024,False,1.361,30.36,TLSv1.3,TLS_AES_256_GCM_SHA384,256.0,False,False,CN=*.tiktokv.com,"CN=GlobalSign GCC R3 DV TLS CA 2020,O=GlobalSign nv-sa,C=BE",28443997011489426457698388426,sha256WithRSAEncryption,2025-03-10T02:36:04+00:00,2026-04-11T02:36:03+00:00,65.0,valido,"['*.tiktokv.com', 'tiktokv.com']",ECDSA,256.0,False,secp256r1,ac3c55c9656ea43ea014ff57c55ac19b617b7b3840b34c916e9de2e1814c61fb,e4e95ff6300dd5e28d62a3ed2b409a4ee2a9b91c,"[{'sujeto': 'CN=*.tiktokv.com', 'emisor': 'CN=GlobalSign GCC R3 DV TLS CA 2020,O=GlobalSign nv-sa,C=BE', 'posicion': 0}]",False,True,31536000.0,False,False,False,True,True
cloudflare.net,2026-02-04T10:18:53.322738+00:00,exito,,,OpenSSL 3.0.13 30 Jan 2024,False,1.183,32.55,TLSv1.3,TLS_AES_256_GCM_SHA384,256.0,False,False,CN=cloudflare.net,"CN=E7,O=Let's Encrypt,C=US",500254178502820549820479761900468670533085,ecdsa-with-SHA384,2026-01-31T23:09:28+00:00,2026-05-01T23:09:27+00:00,86.0,valido,['cloudflare.net'],ECDSA,256.0,False,secp256r1,6869b5436ec6bf5bf82c80b6557aba199308564ba11ab927e86fe03e2c66288b,a4378c873492e493d6571041d3bcaddb06753681,"[{'sujeto': 'CN=cloudflare.net', 'emisor': ""CN=E7,O=Let's Encrypt,C=US"", 'posicion': 0}]",False,False,,False,False,False,True,True
spotify.com,2026-02-04T10:18:34.552131+00:00,exito,,,OpenSSL 3.0.13 30 Jan 2024,False,21.578,15.01,TLSv1.3,TLS_AES_256_GCM_SHA384,256.0,False,False,"CN=*.spotify.com,O=Spotify AB,L=Stockholm,C=SE","CN=DigiCert Global G2 TLS RSA SHA256 2020 CA1,O=DigiCert Inc,C=US",6187733192748856619441502825462118457,sha256WithRSAEncryption,2025-12-08T00:00:00+00:00,2026-12-08T23:59:59+00:00,307.0,valido,"['*.spotify.com', 'spotify.com']",RSA,2048.0,False,,d259c071b22ee84523e7b256e4b013aff3c7b4f25eedb1aeb5a82b93588d63c6,bf967acee4f690b656416372fb6409a51c55d578,"[{'sujeto': 'CN=*.spotify.com,O=Spotify AB,L=Stockholm,C=SE', 'emisor': 'CN=DigiCert Global G2 TLS RSA SHA256 2020 CA1,O=DigiCert Inc,C=US', 'posicion': 0}]",False,True,31536000.0,False,False,False,True,True
skype.com,2026-02-04T10:18:34.436760+00:00,exito,,,OpenSSL 3.0.13 30 Jan 2024,False,21.691,26.33,TLSv1.3,TLS_AES_128_GCM_SHA256,128.0,False,False,"CN=videobreakdown.com,O=Microsoft Corporation,L=Redmond,ST=WA,C=US","CN=Microsoft TLS G2 RSA CA OCSP 02,O=Microsoft Corporation,C=US",1449549693637423764468911970844072210501710005,sha384WithRSAEncryption,2026-02-02T23:59:47+00:00,2026-08-01T23:59:47+00:00,178.0,valido,"['videobreakdown.com', 'edge.ms', 'msphu.net', 'skype.com', 'skype.net', 'dynamics.cz', 'dynamics.eu', 'cosmosdb.com', 'indexnow.org', 'powerapps.io', 'dynamics.asia', 'fsinsider.com', 'gpu.azure.com', 'microsoft.org', 'play.gears.gg', 'powerapps.com', '*.microsoft.ch', 'bingplaces.com', 'docs.azure.com', 'dynamics365.ae', 'dynamics365.at', 'dynamics365.ch', 'dynamics365.cl', 'dynamics365.co', 'dynamics365.cz', 'dynamics365.dk', 'dynamics365.ec', 'dynamics365.es', 'dynamics365.eu', 'dynamics365.fr', 'dynamics365.hk', 'dynamics365.in', 'dynamics365.it', 'dynamics365.lt', 'dynamics365.mx', 'dynamics365.nz', 'dynamics365.pt', 'dynamics365.ro', 'dynamics365.ru', 'dynamics365.se', 'dynamics365.us', 'dynamics365.vn', 'fsxinsider.com', 'dynamics.com.tr', 'dynamics365.com', 'www.dynamics.cz', 'www.dynamics.eu', 'msfttransform.ca', 'redtigerwiki.com', 'www.dynamics.com', 'www.powerapps.io', 'clearsoftware.com', 'make.dynamics.com', 'meetfasttrack.com', 'microsoftstore.ca', 'reports.azure.com', 'www.dynamics.asia', 'www.microsoft.org', 'www.powerapps.com', 'businesscentral.be', 'businesscentral.ch', 'businesscentral.jp', 'businesscentral.mx', 'businesscentral.tw', 'businesscentral.us', 'graph.microsoft.io', 'hololensevents.com', 'microsoftstore.com', 'partner.office.com', 'www.dynamics365.ae', 'www.dynamics365.at', 'www.dynamics365.ch', 'www.dynamics365.cl', 'www.dynamics365.co', 'www.dynamics365.cz', 'www.dynamics365.dk', 'www.dynamics365.ec', 'www.dynamics365.es', 'www.dynamics365.eu', 'www.dynamics365.fr', 'www.dynamics365.hk', 'www.dynamics365.in', 'www.dynamics365.it', 'www.dynamics365.lt', 'www.dynamics365.mx', 'www.dynamics365.nz', 'www.dynamics365.pt', 'www.dynamics365.ro', 'www.dynamics365.ru', 'www.dynamics365.se', 'www.dynamics365.us', 'www.dynamics365.vn', 'www.fsxinsider.com', '*.microsoftedge.com', 'drumbeat.office.com', 'storageexplorer.com', 'www.dynamics.com.tr', 'www.dynamics365.com', 'resnet.microsoft.com', 'windowsondevices.com', 'www.msfttransform.ca', 'myready.microsoft.com', 'www.clearsoftware.com', 'www.meetfasttrack.com', 'www.microsoftstore.ca', 'designedforsurface.com', 'make.powerplatform.com', 'ude.corp.microsoft.com', 'www.businesscentral.be', 'www.businesscentral.ch', 'www.businesscentral.jp', 'www.businesscentral.mx', 'www.businesscentral.tw', 'www.businesscentral.us', 'www.hololensevents.com', 'tryazuremarketplace.com', 'www.storageexplorer.com', 'pocresnetv.microsoft.com', 'windowsforiotdevices.com', 'www.windowsondevices.com', 'batchaitraining.azure.com', 'ude.support.microsoft.com', 'ccsmtogether.microsoft.com', 'collegepuzzlechallenge.com', 'www.designedforsurface.com', 'www.tryazuremarketplace.com', 'www.windowsforiotdevices.com', 'digestibledynamicspodcast.com', 'dynamics365businesscentral.be', 'dynamics365businesscentral.ca', 'dynamics365businesscentral.ch', 'www.collegepuzzlechallenge.com', 'support.microsoftaffiliates.com', 'dynamics365businesscentral.co.nz', 'dynamics365businesscentral.co.za', 'thedigestibledynamicspodcast.com', 'dynamics365businesscentral.com.au', 'www.digestibledynamicspodcast.com', 'www.dynamics365businesscentral.be', 'www.dynamics365businesscentral.ca', 'www.dynamics365businesscentral.ch', 'www.dynamics365businesscentral.co.nz', 'www.dynamics365businesscentral.co.za', 'www.thedigestibledynamicspodcast.com', 'hwp.sfec.microsoft.com', 'hwp.sfecuat.microsoft.com', 'ambitions.microsoft.fr', 'mapmenumerique.microsoft.fr', 'spark.windows', 'www.spark.windows', 'lumenisity.com', 'www.lumenisity.com', 'samples.bingmapsportal.com', 'turing.microsoft.com', 'iis.net', 'asp.net', 'referencesource.microsoft.com', 'copilot-stg.com', 'documentdb.io', 'www.tealsk12.org', 'tealsk12.org', 'solutions.microsoft.com', 'www.solutions.microsoft.com', 'test.solutions.microsoft.com', 'eduinsights.int.microsoft.com', 'partnerinnovation.microsoft.com', 'ageofmythology.com', 'www.ageofmythology.com', 'mlz.app', 'www.mlz.app', 'trym365copilot.com', 'www.trym365copilot.com']",RSA,2048.0,False,,8e286e8a8875731bec9ab053d0894f9a16da93d5f1141eeee1570b284dc52662,7920078cd9b8e4760eafccde35a23004e1b15d06,"[{'sujeto': 'CN=videobreakdown.com,O=Microsoft Corporation,L=Redmond,ST=WA,C=US', 'emisor': 'CN=Microsoft TLS G2 RSA CA OCSP 02,O=Microsoft Corporation,C=US', 'posicion': 0}]",False,True,31536000.0,False,False,False,True,True
wa.me,2026-02-04T10:19:01.755244+00:00,exito,,,OpenSSL 3.0.13 30 Jan 2024,False,0.153,31.46,TLSv1.3,TLS_CHACHA20_POLY1305_SHA256,256.0,False,False,"CN=*.whatsapp.net,O=Meta Platforms\, Inc.,L=Menlo Park,ST=California,C=US","CN=DigiCert Global G2 TLS RSA SHA256 2020 CA1,O=DigiCert Inc,C=US",15468818656289408500419228707611906612,sha256WithRSAEncryption,2025-11-13T00:00:00+00:00,2026-02-11T23:59:59+00:00,7.0,valido,"['*.whatsapp.net', '*.cdn.whatsapp.net', '*.snr.whatsapp.net', '*.whatsapp.com', 'wa.me', 'whatsapp.com', 'whatsapp.net']",ECDSA,256.0,False,secp256r1,c9b629c179792b893cdd166aa96f1f81b11f4cd1d519498335fd2d9b17bfbbc7,bcc49689f07a57a27973c0b15492bb4e39821a9a,"[{'sujeto': 'CN=*.whatsapp.net,O=Meta Platforms\\, Inc.,L=Menlo Park,ST=California,C=US', 'emisor': 'CN=DigiCert Global G2 TLS RSA SHA256 2020 CA1,O=DigiCert Inc,C=US', 'posicion': 0}]",False,True,31536000.0,False,False,False,True,True
google.com,2026-02-04T10:18:34.269523+00:00,exito,,,OpenSSL 3.0.13 30 Jan 2024,False,21.564,142.24,TLSv1.3,TLS_AES_256_GCM_SHA384,256.0,False,False,CN=*.google.com,"CN=WR2,O=Google Trust Services,C=US",265062712008268186195122258179130442579,sha256WithRSAEncryption,2026-01-12T08:36:37+00:00,2026-04-06T08:36:36+00:00,60.0,valido,"['*.google.com', '*.appengine.google.com', '*.bdn.dev', '*.origin-test.bdn.dev', '*.cloud.google.com', '*.crowdsource.google.com', '*.datacompute.google.com', '*.google.ca', '*.google.cl', '*.google.co.in', '*.google.co.jp', '*.google.co.uk', '*.google.com.ar', '*.google.com.au', '*.google.com.br', '*.google.com.co', '*.google.com.mx', '*.google.com.tr', '*.google.com.vn', '*.google.de', '*.google.es', '*.google.fr', '*.google.hu', '*.google.it', '*.google.nl', '*.google.pl', '*.google.pt', '*.googleapis.cn', '*.googlevideo.com', '*.gstatic.cn', '*.gstatic-cn.com', 'googlecnapps.cn', '*.googlecnapps.cn', 'googleapps-cn.com', '*.googleapps-cn.com', 'gkecnapps.cn', '*.gkecnapps.cn', 'googledownloads.cn', '*.googledownloads.cn', 'recaptcha.net.cn', '*.recaptcha.net.cn', 'recaptcha-cn.net', '*.recaptcha-cn.net', 'widevine.cn', '*.widevine.cn', 'ampproject.org.cn', '*.ampproject.org.cn', 'ampproject.net.cn', '*.ampproject.net.cn', 'google-analytics-cn.com', '*.google-analytics-cn.com', 'googleadservices-cn.com', '*.googleadservices-cn.com', 'googlevads-cn.com', '*.googlevads-cn.com', 'googleapis-cn.com', '*.googleapis-cn.com', 'googleoptimize-cn.com', '*.googleoptimize-cn.com', 'doubleclick-cn.net', '*.doubleclick-cn.net', '*.fls.doubleclick-cn.net', '*.g.doubleclick-cn.net', 'doubleclick.cn', '*.doubleclick.cn', '*.fls.doubleclick.cn', '*.g.doubleclick.cn', 'dartsearch-cn.net', '*.dartsearch-cn.net', 'googletraveladservices-cn.com', '*.googletraveladservices-cn.com', 'googletagservices-cn.com', '*.googletagservices-cn.com', 'googletagmanager-cn.com', '*.googletagmanager-cn.com', 'googlesyndication-cn.com', '*.googlesyndication-cn.com', '*.safeframe.googlesyndication-cn.com', 'app-measurement-cn.com', '*.app-measurement-cn.com', 'gvt1-cn.com', '*.gvt1-cn.com', 'gvt2-cn.com', '*.gvt2-cn.com', '2mdn-cn.net', '*.2mdn-cn.net', 'googleflights-cn.net', '*.googleflights-cn.net', 'admob-cn.com', '*.admob-cn.com', '*.gemini.cloud.google.com', 'googlesandbox-cn.com', '*.googlesandbox-cn.com', '*.safenup.googlesandbox-cn.com', '*.gstatic.com', '*.metric.gstatic.com', '*.gvt1.com', '*.gcpcdn.gvt1.com', '*.gvt2.com', '*.gcp.gvt2.com', '*.url.google.com', '*.youtube-nocookie.com', '*.ytimg.com', 'ai.android', 'android.com', '*.android.com', '*.flash.android.com', 'g.cn', '*.g.cn', 'g.co', '*.g.co', 'goo.gl', 'www.goo.gl', 'google-analytics.com', '*.google-analytics.com', 'google.com', 'googlecommerce.com', '*.googlecommerce.com', 'ggpht.cn', '*.ggpht.cn', 'urchin.com', '*.urchin.com', 'youtu.be', 'youtube.com', '*.youtube.com', 'music.youtube.com', '*.music.youtube.com', 'youtubeeducation.com', '*.youtubeeducation.com', 'youtubekids.com', '*.youtubekids.com', 'yt.be', '*.yt.be', 'android.clients.google.com', '*.android.google.cn', '*.chrome.google.cn', '*.developers.google.cn', '*.aistudio.google.com']",ECDSA,256.0,False,secp256r1,55859945f02685db2619fa387c724b684f17296fe07286f70f3e8b22f0367442,3be0e5f929677ccd9f4b2e722f20b92fcb54b7b1,"[{'sujeto': 'CN=*.google.com', 'emisor': 'CN=WR2,O=Google Trust Services,C=US', 'posicion': 0}]",False,False,,False,False,False,True,True
google-analytics.com,2026-02-04T10:19:01.764125+00:00,exito,,,OpenSSL 3.0.13 30 Jan 2024,False,0.097,44.96,TLSv1.3,TLS_AES_256_GCM_SHA384,256.0,False,False,CN=*.google-analytics.com,"CN=WR2,O=Google Trust Services,C=US",174994807554963972259261101776731443330,sha256WithRSAEncryption,2026-01-12T08:36:37+00:00,2026-04-06T08:36:36+00:00,60.0,valido,"['*.google-analytics.com', 'region1.app-measurement.com', 'app-measurement.com', 'region1.att.app-measurement.com', 'att.app-measurement.com', 'region1.analytics.app-measurement.com', 'analytics.app-measurement.com', 'region1.app-analytics-services-att.com', 'app-analytics-services-att.com', 'region1.app-analytics-services.com', 'app-analytics-services.com', 'google-analytics.com', 'region1.google-analytics.com', 'ssl.google-analytics.com', 'www.google-analytics.com', 'region1.analytics.google.com', 'googletagmanager.com', 'www.googletagmanager.com', 'urchin.com', 'service.urchin.com', 'fps.goog', '*.fps.goog', 'googleoptimize.com', 'www.googleoptimize.com']",ECDSA,256.0,False,secp256r1,0851d442818d57ac8318868525adf12f821760a4fac6d4098634d330657809b2,d14edbc91c907426d2f3407402db663623cb4512,"[{'sujeto': 'CN=*.google-analytics.com', 'emisor': 'CN=WR2,O=Google Trust Services,C=US', 'posicion': 0}]",False,True,31536000.0,False,False,False,True,True
office.com,2026-02-04T10:18:34.294428+00:00,exito,,,OpenSSL 3.0.13 30 Jan 2024,False,21.819,371.99,TLSv1.3,TLS_AES_256_GCM_SHA384,256.0,False,False,"CN=m365.cloud.microsoft,O=Microsoft Corporation,L=Redmond,ST=WA,C=US","CN=Microsoft Azure RSA TLS Issuing CA 04,O=Microsoft Corporation,C=US",1137633332496453761864301499555496337007174558,sha384WithRSAEncryption,2026-01-27T21:41:53+00:00,2026-07-26T21:41:53+00:00,172.0,valido,"['home.office.com', 'login.office.com', 'office.com', 'signin.office.com', 'www.office.com', '*.www.office.com', 'word.office.com', 'excel.office.com', 'powerpoint.office.com', 'visio.office.com', 'apps.office.com', 'stream.office.com', 'fluid.office.com', 'www.microsoft365.com', 'm365.go.microsoft', 'm365.cloud.microsoft', 'ntp.www.office.com', 'microsoft365.com', '*.www.microsoft365.com', 'copilot.cloud.microsoft']",RSA,2048.0,False,,6a1c46d81022805415424123bbed3be3ad1d219ee9f9f7ea4c6a7d54a6923e5e,268517c63fbda45f77845329e98841dcf40a0f7c,"[{'sujeto': 'CN=m365.cloud.microsoft,O=Microsoft Corporation,L=Redmond,ST=WA,C=US', 'emisor': 'CN=Microsoft Azure RSA TLS Issuing CA 04,O=Microsoft Corporation,C=US', 'posicion': 0}]",False,False,,False,False,False,True,True
zoom.us,2026-02-04T10:19:01.788130+00:00,exito,,,OpenSSL 3.0.13 30 Jan 2024,False,0.191,94.2,TLSv1.3,TLS_AES_256_GCM_SHA384,256.0,False,False,"CN=*.zoom.us,O=Zoom Communications\, Inc.,L=San Jose,ST=California,C=US","CN=DigiCert Global G2 TLS RSA SHA256 2020 CA1,O=DigiCert Inc,C=US",15792332819455926597087411711478788813,sha256WithRSAEncryption,2025-12-29T00:00:00+00:00,2026-12-29T23:59:59+00:00,328.0,valido,"['*.zoom.us', 'zoom.us']",RSA,2048.0,False,,094e8c85300ca15237d67ca50ab0447db9ab377bb3e5e5a3182c209edc2b0fd1,43413bd950c4c81eb1c4da67b5eb96bf4aec7baf,"[{'sujeto': 'CN=*.zoom.us,O=Zoom Communications\\, Inc.,L=San Jose,ST=California,C=US', 'emisor': 'CN=DigiCert Global G2 TLS RSA SHA256 2020 CA1,O=DigiCert Inc,C=US', 'posicion': 0}]",False,False,,False,False,False,True,True
doubleclick.net,2026-02-04T10:18:34.333001+00:00,exito,,,OpenSSL 3.0.13 30 Jan 2024,False,21.652,190.0,TLSv1.3,TLS_AES_256_GCM_SHA384,256.0,False,False,CN=*.doubleclick.net,"CN=WR2,O=Google Trust Services,C=US",49855092684066340520815473052570948877,sha256WithRSAEncryption,2026-01-12T08:36:35+00:00,2026-04-06T08:36:34+00:00,60.0,valido,"['*.doubleclick.net', '*.2mdn.net', '*.au.doubleclick.net', '*.cc-dt.com', '*.de.doubleclick.net', 'doubleclick.com', '*.doubleclick.com', '*.fls.doubleclick.net', '*.fr.doubleclick.net', '*.jp.doubleclick.net', '*.uk.doubleclick.net', 'ad.mo.doubleclick.net', 'doubleclick.net']",ECDSA,256.0,False,secp256r1,d14ab8004c95ba4edd2bfec1c8343b729b7c42eedf2c06edc3d005c885b301d1,ce045c3251d41582119cf5e869f43c805c79941f,"[{'sujeto': 'CN=*.doubleclick.net', 'emisor': 'CN=WR2,O=Google Trust Services,C=US', 'posicion': 0}]",False,False,,False,False,False,True,True
ui.com,2026-02-04T10:19:01.932136+00:00,exito,,,OpenSSL 3.0.13 30 Jan 2024,False,0.195,88.3,TLSv1.3,TLS_AES_128_GCM_SHA256,128.0,False,False,CN=ui.com,"CN=Amazon RSA 2048 M04,O=Amazon,C=US",18472341240085656939620132745636794490,sha256WithRSAEncryption,2025-08-27T00:00:00+00:00,2026-09-25T23:59:59+00:00,233.0,valido,"['ui.com', 'www.ui.com']",RSA,2048.0,False,,2c40756e919ced06aa9c59c3d64e1f557709e682785a3227b84c4ef13cf9216c,f6423a727ec2b90e075cb07016066e2a1973a31d,"[{'sujeto': 'CN=ui.com', 'emisor': 'CN=Amazon RSA 2048 M04,O=Amazon,C=US', 'posicion': 0}]",False,True,31536000.0,False,False,False,True,True
cloudflare-dns.com,2026-02-04T10:19:01.817049+00:00,exito,,,OpenSSL 3.0.13 30 Jan 2024,False,0.128,207.79,TLSv1.3,TLS_AES_256_GCM_SHA384,256.0,False,False,"CN=cloudflare-dns.com,O=Cloudflare\, Inc.,L=San Francisco,ST=California,C=US","CN=SSL.com SSL Intermediate CA ECC R2,O=SSL Corp,L=Houston,ST=Texas,C=US",104760816198390176145736269975424776716,ecdsa-with-SHA384,2025-12-31T19:20:01+00:00,2026-12-21T19:20:01+00:00,320.0,valido,"['cloudflare-dns.com', '*.cloudflare-dns.com', 'one.one.one.one']",ECDSA,256.0,False,secp256r1,e3b02826789d653d224d3edacbe4e877cb7286fc4c922672f6226741ca57ad65,f88635017260d40b9eb417bee73737911b630e59,"[{'sujeto': 'CN=cloudflare-dns.com,O=Cloudflare\\, Inc.,L=San Francisco,ST=California,C=US', 'emisor': 'CN=SSL.com SSL Intermediate CA ECC R2,O=SSL Corp,L=Houston,ST=Texas,C=US', 'posicion': 0}]",False,True,31536000.0,False,False,False,True,True
googledomains.com,2026-02-04T10:19:01.019555+00:00,exito,,,OpenSSL 3.0.13 30 Jan 2024,False,0.217,26.52,TLSv1.3,TLS_AES_256_GCM_SHA384,256.0,False,False,CN=*.googledomains.com,"CN=WR2,O=Google Trust Services,C=US",166323307010158744497095845598289613185,sha256WithRSAEncryption,2026-01-12T08:37:34+00:00,2026-04-06T08:37:33+00:00,60.0,valido,"['*.googledomains.com', 'googledomains.com', 'goldenhour.camera', '*.goldenhour.camera', 'goldenhourcamera.com', '*.goldenhourcamera.com', 'google.domains', '*.google.domains', 'gregandglorias.pizza', '*.gregandglorias.pizza', 'gregandgloriaspizza.com', '*.gregandgloriaspizza.com', 'rightlane.bike', '*.rightlane.bike', 'rightlanebikeshop.com', '*.rightlanebikeshop.com', 'toastedbeans.coffee', '*.toastedbeans.coffee', 'toastedbeanscoffee.com', '*.toastedbeanscoffee.com']",ECDSA,256.0,False,secp256r1,0f6981348c71992cc04d6e148d87f92341b628cbe2c5d3270f344dfe6f3987af,7466aea4d7c6071c7db5fb977fd1d390cf4bf1a1,"[{'sujeto': 'CN=*.googledomains.com', 'emisor': 'CN=WR2,O=Google Trust Services,C=US', 'posicion': 0}]",False,False,,False,False,False,True,True
windows.net,2026-02-04T10:18:34.379726+00:00,exito,,,OpenSSL 3.0.13 30 Jan 2024,False,21.703,17.16,TLSv1.3,TLS_AES_128_GCM_SHA256,128.0,False,False,"CN=reroute443.microsoft.com,O=Microsoft Corporation,L=Redmond,ST=WA,C=US","CN=Microsoft Azure RSA TLS Issuing CA 08,O=Microsoft Corporation,C=US",1137580770125533579082545427739093371135290390,sha384WithRSAEncryption,2025-12-14T23:46:21+00:00,2026-06-12T23:46:21+00:00,128.0,valido,['reroute443.microsoft.com'],RSA,2048.0,False,,1140cff4fc502bc904e13bead4e95d70523e573f4671c56bba5a03d06c0fda65,cde18d97fc355657d632a7283bc54740b299cc58,"[{'sujeto': 'CN=reroute443.microsoft.com,O=Microsoft Corporation,L=Redmond,ST=WA,C=US', 'emisor': 'CN=Microsoft Azure RSA TLS Issuing CA 08,O=Microsoft Corporation,C=US', 'posicion': 0}]",False,True,31536000.0,False,False,False,True,True
nic.ru,2026-02-04T10:19:01.745310+00:00,exito,,,OpenSSL 3.0.13 30 Jan 2024,False,0.385,285.93,TLSv1.3,TLS_AES_256_GCM_SHA384,256.0,False,False,"CN=www.nic.ru,O=Regional Network Information Center JSC,STREET=Leningradsky prospekt\, 72 / building 3,L=Moscow,ST=Moscow,C=RU,1.3.6.1.4.1.311.60.2.1.2=Moscow,1.3.6.1.4.1.311.60.2.1.3=RU,2.5.4.5=1067746823099,2.5.4.15=Private Organization","CN=GlobalSign GCC R3 EV TLS CA 2025,O=GlobalSign nv-sa,C=BE",11373601096561398630338134193,sha256WithRSAEncryption,2025-12-05T14:12:05+00:00,2027-01-06T14:12:04+00:00,336.0,valido,"['www.nic.ru', 'nic.ru']",RSA,2048.0,False,,780aaf5159cb29007d003effe2bb9087ca40862ce5b44f579b0db64c5dd8826f,8c4a8226777b7f37bde099be616faf60439f1d3b,"[{'sujeto': 'CN=www.nic.ru,O=Regional Network Information Center JSC,STREET=Leningradsky prospekt\\, 72 / building 3,L=Moscow,ST=Moscow,C=RU,1.3.6.1.4.1.311.60.2.1.2=Moscow,1.3.6.1.4.1.311.60.2.1.3=RU,2.5.4.5=1067746823099,2.5.4.15=Private Organization', 'emisor': 'CN=GlobalSign GCC R3 EV TLS CA 2025,O=GlobalSign nv-sa,C=BE', 'posicion': 0}]",False,False,,False,False,False,True,True
opera.com,2026-02-04T10:19:01.820411+00:00,exito,,,OpenSSL 3.0.13 30 Jan 2024,False,0.286,207.54,TLSv1.3,TLS_AES_128_GCM_SHA256,128.0,False,False,CN=*.opera.com,"CN=Trust Provider B.V. TLS RSA CA G1,OU=Domain Validated SSL,O=Trust Provider B.V.,C=NL",6115849543123457263200651050972701176,sha256WithRSAEncryption,2026-01-07T00:00:00+00:00,2027-02-06T23:59:59+00:00,367.0,valido,"['*.opera.com', 'opera.com']",ECDSA,256.0,False,secp256r1,64605534c9b7eae92647bcd6ea18b0286d12a8ce0a01a5153871fbe8dca6a7b8,41252747f9bf68ceef2ba68ddbcb515480382982,"[{'sujeto': 'CN=*.opera.com', 'emisor': 'CN=Trust Provider B.V. TLS RSA CA G1,OU=Domain Validated SSL,O=Trust Provider B.V.,C=NL', 'posicion': 0}]",False,True,31536000.0,False,False,False,True,True
bit.ly,2026-02-04T10:19:01.830184+00:00,exito,,,OpenSSL 3.0.13 30 Jan 2024,False,0.134,66.05,TLSv1.3,TLS_AES_256_GCM_SHA384,256.0,False,False,"CN=bit.ly,O=Bitly\, Inc.,L=New York,ST=New York,C=US,2.5.4.5=4627013,2.5.4.15=Private Organization,1.3.6.1.4.1.311.60.2.1.2=Delaware,1.3.6.1.4.1.311.60.2.1.3=US","CN=DigiCert EV RSA CA G2,O=DigiCert Inc,C=US",5739299115734573410224712493333051888,sha256WithRSAEncryption,2025-03-26T00:00:00+00:00,2026-03-25T23:59:59+00:00,49.0,valido,"['bit.ly', 'www.bit.ly']",RSA,2048.0,False,,cc0ff8a443b829365346ba3fc0c93f062d63ef36ed7f997e0ff6f0a2701cf175,275c6dc2bb8653710585b42593ddc86d75bb831f,"[{'sujeto': 'CN=bit.ly,O=Bitly\\, Inc.,L=New York,ST=New York,C=US,2.5.4.5=4627013,2.5.4.15=Private Organization,1.3.6.1.4.1.311.60.2.1.2=Delaware,1.3.6.1.4.1.311.60.2.1.3=US', 'emisor': 'CN=DigiCert EV RSA CA G2,O=DigiCert Inc,C=US', 'posicion': 0}]",False,False,,False,False,False,True,True
unity3d.com,2026-02-04T10:19:01.998563+00:00,exito,,,OpenSSL 3.0.13 30 Jan 2024,False,0.138,56.85,TLSv1.2,ECDHE-RSA-AES256-GCM-SHA384,256.0,True,False,"CN=*.unity3d.com,O=Unity Technologies ApS,L=København K,C=DK","CN=DigiCert Global G2 TLS RSA SHA256 2020 CA1,O=DigiCert Inc,C=US",8180000640807427122967573954876785905,sha256WithRSAEncryption,2025-11-28T00:00:00+00:00,2026-12-01T23:59:59+00:00,300.0,valido,"['*.unity3d.com', 'unity3d.com']",RSA,2048.0,False,,0510b61f6c6aab9f9ec41613c093eef9298a931203735f133a43bea23a5b44d0,f2a14b95c6d55fadbd915d9cf9dffb49d5a12749,"[{'sujeto': 'CN=*.unity3d.com,O=Unity Technologies ApS,L=København K,C=DK', 'emisor': 'CN=DigiCert Global G2 TLS RSA SHA256 2020 CA1,O=DigiCert Inc,C=US', 'posicion': 0}]",False,False,,False,False,False,True,False
nginx.com,2026-02-04T10:19:01.856378+00:00,exito,,,OpenSSL 3.0.13 30 Jan 2024,False,0.159,158.59,TLSv1.3,TLS_AES_256_GCM_SHA384,256.0,False,False,CN=*.nginx.com,"CN=E8,O=Let's Encrypt,C=US",492996570147829146374061012181086870873664,ecdsa-with-SHA384,2026-01-01T15:32:55+00:00,2026-04-01T15:32:54+00:00,56.0,valido,"['*.nginx.com', 'nginx.com']",ECDSA,256.0,False,secp256r1,91f947fa29dbb6b3e1960178dc2ee03156211f8e30446eb362f9b1b90304f5ef,3f5975038ea98f5d25e7a76af983347a6e9e6c4c,"[{'sujeto': 'CN=*.nginx.com', 'emisor': ""CN=E8,O=Let's Encrypt,C=US"", 'posicion': 0}]",False,False,,False,False,False,True,True
yandex.net,2026-02-04T10:18:57.214844+00:00,exito,,,OpenSSL 3.0.13 30 Jan 2024,False,0.498,76.16,TLSv1.3,TLS_AES_256_GCM_SHA384,256.0,False,False,"CN=*.yandex.tr,O=YANDEX LLC,L=Moscow,ST=Moscow,C=RU","CN=GlobalSign ECC OV SSL CA 2018,O=GlobalSign nv-sa,C=BE",25731535647180050411211019482,ecdsa-with-SHA384,2025-08-26T08:03:35+00:00,2026-02-23T20:59:59+00:00,19.0,valido,"['*.yandex.tr', 'xn--d1acpjx3f.xn--p1ai', '*.xn--d1acpjx3f.xn--p1ai', 'yandex.aero', '*.yandex.aero', 'yandex.jobs', '*.yandex.jobs', 'yandex.net', '*.yandex.net', 'yandex.org', '*.yandex.org', 'yandex.de', '*.yandex.de', 'ya.ru', '*.ya.ru', 'yandex.it', '*.yandex.it', 'yandex.uz', '*.yandex.uz', 'yandex.tm', '*.yandex.tm', 'yandex.tj', '*.yandex.tj', 'yandex.ru', '*.yandex.ru', 'yandex.md', '*.yandex.md', 'yandex.lv', '*.yandex.lv', 'yandex.lt', '*.yandex.lt', 'yandex.kz', '*.yandex.kz', 'yandex.fr', '*.yandex.fr', 'yandex.ee', '*.yandex.ee', 'yandex.com.tr', '*.yandex.com.tr', 'yandex.com.ge', '*.yandex.com.ge', 'yandex.com.am', '*.yandex.com.am', 'yandex.com', '*.yandex.com', 'yandex.co.il', '*.yandex.co.il', 'yandex.by', '*.yandex.by', 'yandex.az', '*.yandex.az', 'yandex.tr']",ECDSA,256.0,False,secp256r1,cbf2f482420e5adaf9fa58f747d81657df1d5d62e07647383820659368b124f8,7bff028148ef11e9f6fdbe7615a5572fb5ab4db8,"[{'sujeto': 'CN=*.yandex.tr,O=YANDEX LLC,L=Moscow,ST=Moscow,C=RU', 'emisor': 'CN=GlobalSign ECC OV SSL CA 2018,O=GlobalSign nv-sa,C=BE', 'posicion': 0}]",False,False,,False,False,False,True,True
yandex.ru,2026-02-04T10:19:01.861576+00:00,exito,,,OpenSSL 3.0.13 30 Jan 2024,False,0.35,150.9,TLSv1.3,TLS_AES_256_GCM_SHA384,256.0,False,False,"CN=*.yandex.tr,O=YANDEX LLC,L=Moscow,ST=Moscow,C=RU","CN=GlobalSign ECC OV SSL CA 2018,O=GlobalSign nv-sa,C=BE",25731535647180050411211019482,ecdsa-with-SHA384,2025-08-26T08:03:35+00:00,2026-02-23T20:59:59+00:00,19.0,valido,"['*.yandex.tr', 'xn--d1acpjx3f.xn--p1ai', '*.xn--d1acpjx3f.xn--p1ai', 'yandex.aero', '*.yandex.aero', 'yandex.jobs', '*.yandex.jobs', 'yandex.net', '*.yandex.net', 'yandex.org', '*.yandex.org', 'yandex.de', '*.yandex.de', 'ya.ru', '*.ya.ru', 'yandex.it', '*.yandex.it', 'yandex.uz', '*.yandex.uz', 'yandex.tm', '*.yandex.tm', 'yandex.tj', '*.yandex.tj', 'yandex.ru', '*.yandex.ru', 'yandex.md', '*.yandex.md', 'yandex.lv', '*.yandex.lv', 'yandex.lt', '*.yandex.lt', 'yandex.kz', '*.yandex.kz', 'yandex.fr', '*.yandex.fr', 'yandex.ee', '*.yandex.ee', 'yandex.com.tr', '*.yandex.com.tr', 'yandex.com.ge', '*.yandex.com.ge', 'yandex.com.am', '*.yandex.com.am', 'yandex.com', '*.yandex.com', 'yandex.co.il', '*.yandex.co.il', 'yandex.by', '*.yandex.by', 'yandex.az', '*.yandex.az', 'yandex.tr']",ECDSA,256.0,False,secp256r1,cbf2f482420e5adaf9fa58f747d81657df1d5d62e07647383820659368b124f8,7bff028148ef11e9f6fdbe7615a5572fb5ab4db8,"[{'sujeto': 'CN=*.yandex.tr,O=YANDEX LLC,L=Moscow,ST=Moscow,C=RU', 'emisor': 'CN=GlobalSign ECC OV SSL CA 2018,O=GlobalSign nv-sa,C=BE', 'posicion': 0}]",False,False,,False,False,False,True,True
wordpress.com,2026-02-04T10:19:01.930782+00:00,exito,,,OpenSSL 3.0.13 30 Jan 2024,False,0.145,144.39,TLSv1.3,TLS_AES_256_GCM_SHA384,256.0,False,False,CN=wordpress.com,"CN=E8,O=Let's Encrypt,C=US",447733353839005832466721950667286531732041,ecdsa-with-SHA384,2026-01-07T19:45:24+00:00,2026-04-07T19:45:23+00:00,62.0,valido,"['*.wordpress.com', 'wordpress.com']",ECDSA,256.0,False,secp256r1,f70998483128eabeee9ec70b2366b133a41426ebba98beb27258b0d363566c54,e5ff1322d9be7343c6dccc384f29335d19f90069,"[{'sujeto': 'CN=wordpress.com', 'emisor': ""CN=E8,O=Let's Encrypt,C=US"", 'posicion': 0}]",False,True,31536000.0,False,False,False,True,True
nginx.org,2026-02-04T10:19:01.780268+00:00,exito,,,OpenSSL 3.0.13 30 Jan 2024,False,0.185,113.44,TLSv1.2,ECDHE-ECDSA-AES256-GCM-SHA384,256.0,True,False,CN=nginx.org,"CN=E7,O=Let's Encrypt,C=US",484817617217179607735763595316308513595928,ecdsa-with-SHA384,2026-01-22T08:56:23+00:00,2026-04-22T08:56:22+00:00,76.0,valido,"['agent-benchmarks.nginx.com', 'docs-dev.nginx.com', 'docs-staging.nginx.com', 'docs.nginx.com', 'forum.nginx.org', 'hg.nginx.org', 'internal-beta-docs.nginx.com', 'lxr.nginx.org', 'mailman.nginx.org', 'nginx.org', 'nginx.ru', 'packages.nginx.org', 'quic.nginx.org', 'revamp.nginx.org', 'sources.nginx.org', 'staging.nginx.org', 'trac.nginx.org', 'unit.nginx.org', 'version.nginx.com', 'www.nginx.org', 'www.nginx.ru']",ECDSA,256.0,False,secp256r1,facf051b7c33fff839b459b50afc5e90d03bea135bd16751cc874f76a78697c8,afe8009e6c0e513e72b563fcc9582f65dcaf8fc7,"[{'sujeto': 'CN=nginx.org', 'emisor': ""CN=E7,O=Let's Encrypt,C=US"", 'posicion': 0}]",False,True,31536000.0,False,False,False,True,False
qq.com,2026-02-04T10:19:01.757382+00:00,exito,,,OpenSSL 3.0.13 30 Jan 2024,False,0.791,107.12,TLSv1.2,ECDHE-RSA-AES128-GCM-SHA256,128.0,True,False,"CN=qq.com,O=Shenzhen Tencent Computer Systems Company Limited,L=Shenzhen,ST=Guangdong Province,C=CN","CN=DigiCert Secure Site OV G2 TLS CN RSA4096 SHA256 2022 CA1,O=DigiCert\, Inc.,C=US",3836193253242214825934337960525384636,sha256WithRSAEncryption,2025-05-12T00:00:00+00:00,2026-06-12T23:59:59+00:00,128.0,valido,"['qq.com', 'qq.wang', 'www.qq.com']",RSA,2048.0,False,,cee76e5cf54081a38fc183fb484916dbe4e57393106d8ca8ecb350edac1e42b1,651db5f54f234c64f9e925e324afb490bb7482be,"[{'sujeto': 'CN=qq.com,O=Shenzhen Tencent Computer Systems Company Limited,L=Shenzhen,ST=Guangdong Province,C=CN', 'emisor': 'CN=DigiCert Secure Site OV G2 TLS CN RSA4096 SHA256 2022 CA1,O=DigiCert\\, Inc.,C=US', 'posicion': 0}]",False,False,,False,False,False,True,False
office365.com,2026-02-04T10:19:01.761485+00:00,exito,,,OpenSSL 3.0.13 30 Jan 2024,False,0.505,83.28,TLSv1.3,TLS_AES_256_GCM_SHA384,256.0,False,False,"CN=akaoffice.trafficmanager.net,O=Microsoft Corporation,L=Redmond,ST=WA,C=US","CN=Microsoft Azure RSA TLS Issuing CA 04,O=Microsoft Corporation,C=US",1137635700921226826490750656209421298079291756,sha384WithRSAEncryption,2026-01-30T18:19:10+00:00,2026-07-29T18:19:10+00:00,175.0,valido,"['teams.com', 'www.teams.com', 'office365.com', 'www.office365.com', 'o365.com', 'www.o365.com', 'akaoffice-ame.trafficmanager.net', 'akaoffice.trafficmanager.net']",RSA,2048.0,False,,a05a235d8c7cf279bb6fbb400f14912215fff14115ce3ff3d6816537d20deaaa,9206ed57dcb4ef62f3cf1670543a281fbb76c0e8,"[{'sujeto': 'CN=akaoffice.trafficmanager.net,O=Microsoft Corporation,L=Redmond,ST=WA,C=US', 'emisor': 'CN=Microsoft Azure RSA TLS Issuing CA 04,O=Microsoft Corporation,C=US', 'posicion': 0}]",False,True,31536000.0,False,False,False,True,True
okcdn.ru,2026-02-04T10:19:01.996257+00:00,exito,,,OpenSSL 3.0.13 30 Jan 2024,False,0.213,96.6,TLSv1.3,TLS_AES_256_GCM_SHA384,256.0,False,False,"CN=*.okcdn.ru,O=VK LLC,L=Moscow,ST=Moscow,C=RU","CN=GlobalSign RSA OV SSL CA 2018,O=GlobalSign nv-sa,C=BE",27270123247348162743570193852,sha256WithRSAEncryption,2025-10-16T11:21:35+00:00,2026-11-17T11:21:34+00:00,286.0,valido,"['*.okcdn.ru', '*.mycdn.me', 'mycdn.me', 'okcdn.ru']",RSA,2048.0,False,,2b3eb8241fcfb8c99dd571c2548b8d94d96ce50ee9329b4f3acdb010c46182f6,e39e1d3413d3fb4f8d37ccd5f10ee4aac56f5bd4,"[{'sujeto': 'CN=*.okcdn.ru,O=VK LLC,L=Moscow,ST=Moscow,C=RU', 'emisor': 'CN=GlobalSign RSA OV SSL CA 2018,O=GlobalSign nv-sa,C=BE', 'posicion': 0}]",False,True,63072000.0,False,False,False,True,True
baidu.com,2026-02-04T10:19:01.835055+00:00,exito,,,OpenSSL 3.0.13 30 Jan 2024,False,0.808,74.61,TLSv1.2,ECDHE-RSA-AES128-GCM-SHA256,128.0,True,False,"CN=baidu.com,O=Beijing Baidu Netcom Science Technology Co.\, Ltd,L=beijing,ST=beijing,C=CN","CN=GlobalSign RSA OV SSL CA 2018,O=GlobalSign nv-sa,C=BE",27025959261604984493724308777,sha256WithRSAEncryption,2025-07-09T07:01:02+00:00,2026-08-10T07:01:01+00:00,186.0,valido,"['baidu.com', 'baifubao.com', 'www.baidu.cn', 'www.baidu.com.cn', 'mct.y.nuomi.com', 'apollo.auto', 'dwz.cn', '*.baidu.com', '*.baifubao.com', '*.baidustatic.com', '*.bdstatic.com', '*.bdimg.com', '*.hao123.com', '*.nuomi.com', '*.chuanke.com', '*.trustgo.com', '*.bce.baidu.com', '*.eyun.baidu.com', '*.map.baidu.com', '*.mbd.baidu.com', '*.fanyi.baidu.com', '*.baidubce.com', '*.mipcdn.com', '*.news.baidu.com', '*.baidupcs.com', '*.aipage.com', '*.aipage.cn', '*.bcehost.com', '*.safe.baidu.com', '*.im.baidu.com', '*.baiducontent.com', '*.dlnel.com', '*.dlnel.org', '*.dueros.baidu.com', '*.su.baidu.com', '*.91.com', '*.hao123.baidu.com', '*.apollo.auto', '*.xueshu.baidu.com', '*.bj.baidubce.com', '*.gz.baidubce.com', '*.smartapps.cn', '*.bdtjrcv.com', '*.hao222.com', '*.haokan.com', '*.pae.baidu.com', '*.vd.bdstatic.com', '*.cloud.baidu.com', 'click.hm.baidu.com', 'log.hm.baidu.com', 'cm.pos.baidu.com', 'wn.pos.baidu.com', 'update.pan.baidu.com']",RSA,2048.0,False,,0d822c9a905aefe98f3712c0e02630ee95332c455fe7745df08dbc79f4b0a149,21bf660d67be7a7f49480530f47f09f23036ca63,"[{'sujeto': 'CN=baidu.com,O=Beijing Baidu Netcom Science Technology Co.\\, Ltd,L=beijing,ST=beijing,C=CN', 'emisor': 'CN=GlobalSign RSA OV SSL CA 2018,O=GlobalSign nv-sa,C=BE', 'posicion': 0}]",False,False,,False,False,False,True,False
samsung.com,2026-02-04T10:19:01.821975+00:00,exito,,,OpenSSL 3.0.13 30 Jan 2024,False,0.844,176.32,TLSv1.2,ECDHE-RSA-AES128-GCM-SHA256,128.0,True,False,"CN=*.samsung.com,O=SAMSUNG ELECTRONICS CO\,.LTD,ST=Gyeonggi-do,C=KR","CN=Sectigo RSA Organization Validation Secure Server CA,O=Sectigo Limited,L=Salford,ST=Greater Manchester,C=GB",83831528486551466523129446673993100914,sha256WithRSAEncryption,2025-04-08T00:00:00+00:00,2026-05-09T23:59:59+00:00,94.0,valido,"['*.samsung.com', 'samsung.com']",RSA,2048.0,False,,89c33c0992f8532dcaafd9b73aa559ca7979bfdc882471917e0e73e0b928be96,cf0e0cffa7c5991285a5f16b3d3fe62e2b8c2f19,"[{'sujeto': 'CN=*.samsung.com,O=SAMSUNG ELECTRONICS CO\\,.LTD,ST=Gyeonggi-do,C=KR', 'emisor': 'CN=Sectigo RSA Organization Validation Secure Server CA,O=Sectigo Limited,L=Salford,ST=Greater Manchester,C=GB', 'posicion': 0}]",False,False,,False,False,False,True,False
